mask,caseSet,verifierSize,semanticStratumCount,semanticStrata,d8Present,d3Present,b_scAuc,b_violAuc,b_rawAuc,ss_scAuc,ss_violAuc,ss_rawAuc,bts_scAuc,bts_violAuc,bts_rawAuc,d_bts_ss_scAuc,d_bts_b_scAuc,d_bts_ss_violAuc,d_bts_b_violAuc,d_bts_ss_rawAuc,d_bts_b_rawAuc,violClassVsSafeSubset,scClassVsSafeSubset,violClassVsBundle,scClassVsBundle,series_sc_lower,series_sc_equal,series_sc_higher,series_viol_lower,series_viol_equal,series_viol_higher,orgs_sc_lower,orgs_sc_equal,orgs_sc_higher,orgs_viol_lower,orgs_viol_equal,orgs_viol_higher,cells_sc_lower,cells_sc_equal,cells_sc_higher
1,D1,1,,,false,false,0.6234475160256409,0.018162393162393164,0.7016392895299143,0.125667735042735,0.07395165598290597,0.29460470085470075,0.6234475160256409,0.018162393162393164,0.7016392895299143,0.4977797809829059,0,-0.0557892628205128,0,0.4070345886752135,0,lower,higher,equal,equal,0,0,96,85,6,5,0,0,8,8,0,0,23,152,305
2,D2,1,1,S3,false,false,0.47287326388888884,0.02266960470085472,0.5613815438034185,0.06255008012820511,0.013621794871794872,0.075771233974359,0.47287326388888884,0.02266960470085472,0.5613815438034185,0.4103231837606837,0,0.009047809829059849,0,0.4856103098290595,0,higher,higher,equal,equal,0,0,96,0,78,18,0,0,8,0,4,4,18,227,235
3,D1+D2,2,,,false,false,0.6276542467948717,0.02266960470085472,0.7161625267094016,0.11627771100427355,0.08757345085470088,0.37037593482905967,0.6276542467948717,0.02266960470085472,0.7161625267094016,0.5113765357905982,0,-0.06490384615384616,0,0.34578659188034194,0,lower,higher,equal,equal,0,0,96,90,5,1,0,0,8,8,0,0,7,162,311
4,D3,1,1,S5,false,true,0.4635416666666667,0.03091613247863247,0.5425013354700853,0.029730902777777787,0.03091613247863247,0.045773237179487176,0.4635416666666667,0.03091613247863247,0.5425013354700853,0.4338107638888889,0,0,0,0.4967280982905981,0,equal,higher,equal,equal,0,0,96,0,96,0,0,0,8,0,8,0,0,254,226
5,D1+D3,2,,,false,true,0.6234475160256409,0.02049946581196582,0.6985009348290596,0.10407485309829062,0.09380008012820512,0.33386752136752146,0.6234475160256409,0.0209334935897436,0.6993689903846153,0.5193726629273503,0,-0.07286658653846152,0.0004340277777777797,0.36550146901709385,0.0008680555555556912,lower,higher,higher,equal,0,0,96,91,5,0,0,0,8,8,0,0,0,175,305
6,D2+D3,2,2,S3+S5,false,true,0.47287326388888884,0.03091613247863247,0.5518329326923074,0.0790765224358974,0.03091613247863247,0.09703859508547008,0.47504340277777773,0.03091613247863247,0.5540030715811964,0.3959668803418803,0.002170138888888895,0,0,0.45696447649572636,0.0021701388888890616,equal,higher,equal,higher,0,0,96,0,96,0,0,0,8,0,8,0,0,245,235
7,D1+D2+D3,3,,,false,true,0.6276542467948717,0.02049946581196582,0.7027076655982905,0.11954126602564108,0.09380008012820512,0.3851328792735042,0.6296073717948717,0.0209334935897436,0.705745860042735,0.5100661057692306,0.001953125,-0.07286658653846152,0.0004340277777777797,0.3206129807692308,0.003038194444444531,lower,higher,higher,higher,0,0,96,91,5,0,0,0,8,8,0,0,0,169,311
8,D4,1,,,false,false,0.6234475160256409,0.018162393162393164,0.7016392895299143,0.125667735042735,0.07395165598290597,0.29460470085470075,0.6234475160256409,0.018162393162393164,0.7016392895299143,0.4977797809829059,0,-0.0557892628205128,0,0.4070345886752135,0,lower,higher,equal,equal,0,0,96,85,6,5,0,0,8,8,0,0,23,152,305
9,D1+D4,2,1,S1,false,false,0.6234475160256409,0.018162393162393164,0.7016392895299143,0.125667735042735,0.07395165598290597,0.29460470085470075,0.6234475160256409,0.018162393162393164,0.7016392895299143,0.4977797809829059,0,-0.0557892628205128,0,0.4070345886752135,0,lower,higher,equal,equal,0,0,96,85,6,5,0,0,8,8,0,0,23,152,305
10,D2+D4,2,,,false,false,0.6276542467948717,0.02266960470085472,0.7161625267094016,0.11627771100427355,0.08757345085470088,0.37037593482905967,0.6276542467948717,0.02266960470085472,0.7161625267094016,0.5113765357905982,0,-0.06490384615384616,0,0.34578659188034194,0,lower,higher,equal,equal,0,0,96,90,5,1,0,0,8,8,0,0,7,162,311
11,D1+D2+D4,3,2,S1+S3,false,false,0.6276542467948717,0.02266960470085472,0.7161625267094016,0.11627771100427355,0.08757345085470088,0.37037593482905967,0.6276542467948717,0.02266960470085472,0.7161625267094016,0.5113765357905982,0,-0.06490384615384616,0,0.34578659188034194,0,lower,higher,equal,equal,0,0,96,90,5,1,0,0,8,8,0,0,7,162,311
12,D3+D4,2,,,false,true,0.6234475160256409,0.02049946581196582,0.6985009348290596,0.10407485309829062,0.09380008012820512,0.33386752136752146,0.6234475160256409,0.0209334935897436,0.6993689903846153,0.5193726629273503,0,-0.07286658653846152,0.0004340277777777797,0.36550146901709385,0.0008680555555556912,lower,higher,higher,equal,0,0,96,91,5,0,0,0,8,8,0,0,0,175,305
13,D1+D3+D4,3,2,S1+S5,false,true,0.6234475160256409,0.02049946581196582,0.6985009348290596,0.10407485309829062,0.09380008012820512,0.33386752136752146,0.6234475160256409,0.0209334935897436,0.6993689903846153,0.5193726629273503,0,-0.07286658653846152,0.0004340277777777797,0.36550146901709385,0.0008680555555556912,lower,higher,higher,equal,0,0,96,91,5,0,0,0,8,8,0,0,0,175,305
14,D2+D3+D4,3,,,false,true,0.6276542467948717,0.02049946581196582,0.7027076655982905,0.11954126602564108,0.09380008012820512,0.3851328792735042,0.6296073717948717,0.0209334935897436,0.705745860042735,0.5100661057692306,0.001953125,-0.07286658653846152,0.0004340277777777797,0.3206129807692308,0.003038194444444531,lower,higher,higher,higher,0,0,96,91,5,0,0,0,8,8,0,0,0,169,311
15,D1+D2+D3+D4,4,3,S1+S3+S5,false,true,0.6276542467948717,0.02049946581196582,0.7027076655982905,0.11954126602564108,0.09380008012820512,0.3851328792735042,0.6296073717948717,0.0209334935897436,0.705745860042735,0.5100661057692306,0.001953125,-0.07286658653846152,0.0004340277777777797,0.3206129807692308,0.003038194444444531,lower,higher,higher,higher,0,0,96,91,5,0,0,0,8,8,0,0,0,169,311
16,D5,1,,,false,false,0.5903779380341878,0.0008680555555555559,0.5999265491452989,0.19945245726495708,0.0008680555555555559,0.20552884615384595,0.5903779380341878,0.0008680555555555559,0.5999265491452989,0.3909254807692307,0,0,0,0.39439770299145294,0,equal,higher,equal,equal,0,0,96,0,96,0,0,0,8,0,8,0,0,196,284
17,D1+D5,2,,,false,false,0.6234475160256409,0.0008680555555555559,0.632996127136752,0.18265892094017108,0.07416866987179487,0.4897168803418804,0.6548978365384616,0.005108173076923076,0.6747295673076924,0.47223891559829045,0.031450320512820706,-0.06906049679487179,0.00424011752136752,0.18501268696581202,0.041733440170940383,lower,higher,higher,higher,0,0,96,91,5,0,0,0,8,8,0,0,0,175,305
18,D2+D5,2,,,false,false,0.5997095352564101,0.00217013888888889,0.6131643963675212,0.2611344818376069,0.0008680555555555559,0.2680789262820514,0.6016292735042733,0.00217013888888889,0.6150841346153844,0.3404947916666664,0.0019197382478631786,0.001302083333333334,0,0.347005208333333,0.0019197382478631786,higher,higher,equal,higher,0,0,96,0,90,6,0,0,8,0,6,2,6,181,293
19,D1+D2+D5,3,,,false,false,0.6276542467948717,0.00217013888888889,0.6411091079059827,0.20371761485042741,0.07416866987179487,0.5522669604700856,0.6595052083333334,0.006410256410256412,0.6847622863247863,0.455787593482906,0.031850961538461675,-0.06775841346153845,0.004240117521367522,0.1324953258547007,0.04365317841880356,lower,higher,higher,higher,0,0,96,91,5,0,0,0,8,8,0,0,6,163,311
20,D3+D5,2,,,false,true,0.5903779380341878,0,0.5903779380341878,0.229183360042735,0,0.229183360042735,0.5903779380341878,0,0.5903779380341878,0.3611945779914528,0,0,0,0.3611945779914528,0,equal,higher,equal,equal,0,0,96,0,96,0,0,0,8,0,8,0,0,196,284
21,D1+D3+D5,3,,,false,true,0.6234475160256409,0,0.6234475160256409,0.19251635950854715,0.0733006143162393,0.5133713942307694,0.6548978365384616,0.004674145299145297,0.6660490117521368,0.4623814770299144,0.031450320512820706,-0.068626469017094,0.004674145299145297,0.15267761752136744,0.042601495726495964,lower,higher,higher,higher,0,0,96,91,5,0,0,0,8,8,0,0,0,175,305
22,D2+D3+D5,3,,,false,true,0.5997095352564101,0,0.5997095352564101,0.280448717948718,0,0.280448717948718,0.6037994123931623,0,0.6037994123931623,0.32335069444444425,0.004089877136752129,0,0,0.32335069444444425,0.004089877136752129,equal,higher,equal,higher,0,0,96,0,96,0,0,0,8,0,8,0,0,187,293
23,D1+D2+D3+D5,4,,,false,true,0.6276542467948717,0,0.6276542467948717,0.20838341346153852,0.0733006143162393,0.5646367521367521,0.6614583333333336,0.004674145299145297,0.6743456196581198,0.45307491987179505,0.0338040865384619,-0.068626469017094,0.004674145299145297,0.10970886752136766,0.04669137286324809,lower,higher,higher,higher,0,0,96,91,5,0,0,0,8,8,0,0,0,169,311
24,D4+D5,2,,,false,false,0.6234475160256409,0.0008680555555555559,0.632996127136752,0.18265892094017108,0.07416866987179487,0.4897168803418804,0.6548978365384616,0.005108173076923076,0.6747295673076924,0.47223891559829045,0.031450320512820706,-0.06906049679487179,0.00424011752136752,0.18501268696581202,0.041733440170940383,lower,higher,higher,higher,0,0,96,91,5,0,0,0,8,8,0,0,0,175,305
25,D1+D4+D5,3,,,false,false,0.6234475160256409,0.0008680555555555559,0.632996127136752,0.18265892094017108,0.07416866987179487,0.4897168803418804,0.6548978365384616,0.005108173076923076,0.6747295673076924,0.47223891559829045,0.031450320512820706,-0.06906049679487179,0.00424011752136752,0.18501268696581202,0.041733440170940383,lower,higher,higher,higher,0,0,96,91,5,0,0,0,8,8,0,0,0,175,305
26,D2+D4+D5,3,,,false,false,0.6276542467948717,0.00217013888888889,0.6411091079059827,0.20371761485042741,0.07416866987179487,0.5522669604700856,0.6595052083333334,0.006410256410256412,0.6847622863247863,0.455787593482906,0.031850961538461675,-0.06775841346153845,0.004240117521367522,0.1324953258547007,0.04365317841880356,lower,higher,higher,higher,0,0,96,91,5,0,0,0,8,8,0,0,6,163,311
27,D1+D2+D4+D5,4,,,false,false,0.6276542467948717,0.00217013888888889,0.6411091079059827,0.20371761485042741,0.07416866987179487,0.5522669604700856,0.6595052083333334,0.006410256410256412,0.6847622863247863,0.455787593482906,0.031850961538461675,-0.06775841346153845,0.004240117521367522,0.1324953258547007,0.04365317841880356,lower,higher,higher,higher,0,0,96,91,5,0,0,0,8,8,0,0,6,163,311
28,D3+D4+D5,3,,,false,true,0.6234475160256409,0,0.6234475160256409,0.19251635950854715,0.0733006143162393,0.5133713942307694,0.6548978365384616,0.004674145299145297,0.6660490117521368,0.4623814770299144,0.031450320512820706,-0.068626469017094,0.004674145299145297,0.15267761752136744,0.042601495726495964,lower,higher,higher,higher,0,0,96,91,5,0,0,0,8,8,0,0,0,175,305
29,D1+D3+D4+D5,4,,,false,true,0.6234475160256409,0,0.6234475160256409,0.19251635950854715,0.0733006143162393,0.5133713942307694,0.6548978365384616,0.004674145299145297,0.6660490117521368,0.4623814770299144,0.031450320512820706,-0.068626469017094,0.004674145299145297,0.15267761752136744,0.042601495726495964,lower,higher,higher,higher,0,0,96,91,5,0,0,0,8,8,0,0,0,175,305
30,D2+D3+D4+D5,4,,,false,true,0.6276542467948717,0,0.6276542467948717,0.20838341346153852,0.0733006143162393,0.5646367521367521,0.6614583333333336,0.004674145299145297,0.6743456196581198,0.45307491987179505,0.0338040865384619,-0.068626469017094,0.004674145299145297,0.10970886752136766,0.04669137286324809,lower,higher,higher,higher,0,0,96,91,5,0,0,0,8,8,0,0,0,169,311
31,D1+D2+D3+D4+D5,5,,,false,true,0.6276542467948717,0,0.6276542467948717,0.20838341346153852,0.0733006143162393,0.5646367521367521,0.6614583333333336,0.004674145299145297,0.6743456196581198,0.45307491987179505,0.0338040865384619,-0.068626469017094,0.004674145299145297,0.10970886752136766,0.04669137286324809,lower,higher,higher,higher,0,0,96,91,5,0,0,0,8,8,0,0,0,169,311
32,D6,1,1,S2,false,false,0.6234475160256409,0.018162393162393164,0.7016392895299143,0.125667735042735,0.07395165598290597,0.29460470085470075,0.6234475160256409,0.018162393162393164,0.7016392895299143,0.4977797809829059,0,-0.0557892628205128,0,0.4070345886752135,0,lower,higher,equal,equal,0,0,96,85,6,5,0,0,8,8,0,0,23,152,305
33,D1+D6,2,,,false,false,0.6234475160256409,0.018162393162393164,0.7016392895299143,0.125667735042735,0.07395165598290597,0.29460470085470075,0.6234475160256409,0.018162393162393164,0.7016392895299143,0.4977797809829059,0,-0.0557892628205128,0,0.4070345886752135,0,lower,higher,equal,equal,0,0,96,85,6,5,0,0,8,8,0,0,23,152,305
34,D2+D6,2,2,S2+S3,false,false,0.6276542467948717,0.02266960470085472,0.7161625267094016,0.11627771100427355,0.08757345085470088,0.37037593482905967,0.6276542467948717,0.02266960470085472,0.7161625267094016,0.5113765357905982,0,-0.06490384615384616,0,0.34578659188034194,0,lower,higher,equal,equal,0,0,96,90,5,1,0,0,8,8,0,0,7,162,311
35,D1+D2+D6,3,,,false,false,0.6276542467948717,0.02266960470085472,0.7161625267094016,0.11627771100427355,0.08757345085470088,0.37037593482905967,0.6276542467948717,0.02266960470085472,0.7161625267094016,0.5113765357905982,0,-0.06490384615384616,0,0.34578659188034194,0,lower,higher,equal,equal,0,0,96,90,5,1,0,0,8,8,0,0,7,162,311
36,D3+D6,2,2,S2+S5,false,true,0.6234475160256409,0.02049946581196582,0.6985009348290596,0.10407485309829062,0.09380008012820512,0.33386752136752146,0.6234475160256409,0.0209334935897436,0.6993689903846153,0.5193726629273503,0,-0.07286658653846152,0.0004340277777777797,0.36550146901709385,0.0008680555555556912,lower,higher,higher,equal,0,0,96,91,5,0,0,0,8,8,0,0,0,175,305
37,D1+D3+D6,3,,,false,true,0.6234475160256409,0.02049946581196582,0.6985009348290596,0.10407485309829062,0.09380008012820512,0.33386752136752146,0.6234475160256409,0.0209334935897436,0.6993689903846153,0.5193726629273503,0,-0.07286658653846152,0.0004340277777777797,0.36550146901709385,0.0008680555555556912,lower,higher,higher,equal,0,0,96,91,5,0,0,0,8,8,0,0,0,175,305
38,D2+D3+D6,3,3,S2+S3+S5,false,true,0.6276542467948717,0.02049946581196582,0.7027076655982905,0.11954126602564108,0.09380008012820512,0.3851328792735042,0.6296073717948717,0.0209334935897436,0.705745860042735,0.5100661057692306,0.001953125,-0.07286658653846152,0.0004340277777777797,0.3206129807692308,0.003038194444444531,lower,higher,higher,higher,0,0,96,91,5,0,0,0,8,8,0,0,0,169,311
39,D1+D2+D3+D6,4,,,false,true,0.6276542467948717,0.02049946581196582,0.7027076655982905,0.11954126602564108,0.09380008012820512,0.3851328792735042,0.6296073717948717,0.0209334935897436,0.705745860042735,0.5100661057692306,0.001953125,-0.07286658653846152,0.0004340277777777797,0.3206129807692308,0.003038194444444531,lower,higher,higher,higher,0,0,96,91,5,0,0,0,8,8,0,0,0,169,311
40,D4+D6,2,,,false,false,0.6234475160256409,0.018162393162393164,0.7016392895299143,0.125667735042735,0.07395165598290597,0.29460470085470075,0.6234475160256409,0.018162393162393164,0.7016392895299143,0.4977797809829059,0,-0.0557892628205128,0,0.4070345886752135,0,lower,higher,equal,equal,0,0,96,85,6,5,0,0,8,8,0,0,23,152,305
41,D1+D4+D6,3,2,S1+S2,false,false,0.6234475160256409,0.018162393162393164,0.7016392895299143,0.125667735042735,0.07395165598290597,0.29460470085470075,0.6234475160256409,0.018162393162393164,0.7016392895299143,0.4977797809829059,0,-0.0557892628205128,0,0.4070345886752135,0,lower,higher,equal,equal,0,0,96,85,6,5,0,0,8,8,0,0,23,152,305
42,D2+D4+D6,3,,,false,false,0.6276542467948717,0.02266960470085472,0.7161625267094016,0.11627771100427355,0.08757345085470088,0.37037593482905967,0.6276542467948717,0.02266960470085472,0.7161625267094016,0.5113765357905982,0,-0.06490384615384616,0,0.34578659188034194,0,lower,higher,equal,equal,0,0,96,90,5,1,0,0,8,8,0,0,7,162,311
43,D1+D2+D4+D6,4,3,S1+S2+S3,false,false,0.6276542467948717,0.02266960470085472,0.7161625267094016,0.11627771100427355,0.08757345085470088,0.37037593482905967,0.6276542467948717,0.02266960470085472,0.7161625267094016,0.5113765357905982,0,-0.06490384615384616,0,0.34578659188034194,0,lower,higher,equal,equal,0,0,96,90,5,1,0,0,8,8,0,0,7,162,311
44,D3+D4+D6,3,,,false,true,0.6234475160256409,0.02049946581196582,0.6985009348290596,0.10407485309829062,0.09380008012820512,0.33386752136752146,0.6234475160256409,0.0209334935897436,0.6993689903846153,0.5193726629273503,0,-0.07286658653846152,0.0004340277777777797,0.36550146901709385,0.0008680555555556912,lower,higher,higher,equal,0,0,96,91,5,0,0,0,8,8,0,0,0,175,305
45,D1+D3+D4+D6,4,3,S1+S2+S5,false,true,0.6234475160256409,0.02049946581196582,0.6985009348290596,0.10407485309829062,0.09380008012820512,0.33386752136752146,0.6234475160256409,0.0209334935897436,0.6993689903846153,0.5193726629273503,0,-0.07286658653846152,0.0004340277777777797,0.36550146901709385,0.0008680555555556912,lower,higher,higher,equal,0,0,96,91,5,0,0,0,8,8,0,0,0,175,305
46,D2+D3+D4+D6,4,,,false,true,0.6276542467948717,0.02049946581196582,0.7027076655982905,0.11954126602564108,0.09380008012820512,0.3851328792735042,0.6296073717948717,0.0209334935897436,0.705745860042735,0.5100661057692306,0.001953125,-0.07286658653846152,0.0004340277777777797,0.3206129807692308,0.003038194444444531,lower,higher,higher,higher,0,0,96,91,5,0,0,0,8,8,0,0,0,169,311
47,D1+D2+D3+D4+D6,5,4,S1+S2+S3+S5,false,true,0.6276542467948717,0.02049946581196582,0.7027076655982905,0.11954126602564108,0.09380008012820512,0.3851328792735042,0.6296073717948717,0.0209334935897436,0.705745860042735,0.5100661057692306,0.001953125,-0.07286658653846152,0.0004340277777777797,0.3206129807692308,0.003038194444444531,lower,higher,higher,higher,0,0,96,91,5,0,0,0,8,8,0,0,0,169,311
48,D5+D6,2,,,false,false,0.6234475160256409,0.0008680555555555559,0.632996127136752,0.18265892094017108,0.07416866987179487,0.4897168803418804,0.6548978365384616,0.005108173076923076,0.6747295673076924,0.47223891559829045,0.031450320512820706,-0.06906049679487179,0.00424011752136752,0.18501268696581202,0.041733440170940383,lower,higher,higher,higher,0,0,96,91,5,0,0,0,8,8,0,0,0,175,305
49,D1+D5+D6,3,,,false,false,0.6234475160256409,0.0008680555555555559,0.632996127136752,0.18265892094017108,0.07416866987179487,0.4897168803418804,0.6548978365384616,0.005108173076923076,0.6747295673076924,0.47223891559829045,0.031450320512820706,-0.06906049679487179,0.00424011752136752,0.18501268696581202,0.041733440170940383,lower,higher,higher,higher,0,0,96,91,5,0,0,0,8,8,0,0,0,175,305
50,D2+D5+D6,3,,,false,false,0.6276542467948717,0.00217013888888889,0.6411091079059827,0.20371761485042741,0.07416866987179487,0.5522669604700856,0.6595052083333334,0.006410256410256412,0.6847622863247863,0.455787593482906,0.031850961538461675,-0.06775841346153845,0.004240117521367522,0.1324953258547007,0.04365317841880356,lower,higher,higher,higher,0,0,96,91,5,0,0,0,8,8,0,0,6,163,311
51,D1+D2+D5+D6,4,,,false,false,0.6276542467948717,0.00217013888888889,0.6411091079059827,0.20371761485042741,0.07416866987179487,0.5522669604700856,0.6595052083333334,0.006410256410256412,0.6847622863247863,0.455787593482906,0.031850961538461675,-0.06775841346153845,0.004240117521367522,0.1324953258547007,0.04365317841880356,lower,higher,higher,higher,0,0,96,91,5,0,0,0,8,8,0,0,6,163,311
52,D3+D5+D6,3,,,false,true,0.6234475160256409,0,0.6234475160256409,0.19251635950854715,0.0733006143162393,0.5133713942307694,0.6548978365384616,0.004674145299145297,0.6660490117521368,0.4623814770299144,0.031450320512820706,-0.068626469017094,0.004674145299145297,0.15267761752136744,0.042601495726495964,lower,higher,higher,higher,0,0,96,91,5,0,0,0,8,8,0,0,0,175,305
53,D1+D3+D5+D6,4,,,false,true,0.6234475160256409,0,0.6234475160256409,0.19251635950854715,0.0733006143162393,0.5133713942307694,0.6548978365384616,0.004674145299145297,0.6660490117521368,0.4623814770299144,0.031450320512820706,-0.068626469017094,0.004674145299145297,0.15267761752136744,0.042601495726495964,lower,higher,higher,higher,0,0,96,91,5,0,0,0,8,8,0,0,0,175,305
54,D2+D3+D5+D6,4,,,false,true,0.6276542467948717,0,0.6276542467948717,0.20838341346153852,0.0733006143162393,0.5646367521367521,0.6614583333333336,0.004674145299145297,0.6743456196581198,0.45307491987179505,0.0338040865384619,-0.068626469017094,0.004674145299145297,0.10970886752136766,0.04669137286324809,lower,higher,higher,higher,0,0,96,91,5,0,0,0,8,8,0,0,0,169,311
55,D1+D2+D3+D5+D6,5,,,false,true,0.6276542467948717,0,0.6276542467948717,0.20838341346153852,0.0733006143162393,0.5646367521367521,0.6614583333333336,0.004674145299145297,0.6743456196581198,0.45307491987179505,0.0338040865384619,-0.068626469017094,0.004674145299145297,0.10970886752136766,0.04669137286324809,lower,higher,higher,higher,0,0,96,91,5,0,0,0,8,8,0,0,0,169,311
56,D4+D5+D6,3,,,false,false,0.6234475160256409,0.0008680555555555559,0.632996127136752,0.18265892094017108,0.07416866987179487,0.4897168803418804,0.6548978365384616,0.005108173076923076,0.6747295673076924,0.47223891559829045,0.031450320512820706,-0.06906049679487179,0.00424011752136752,0.18501268696581202,0.041733440170940383,lower,higher,higher,higher,0,0,96,91,5,0,0,0,8,8,0,0,0,175,305
57,D1+D4+D5+D6,4,,,false,false,0.6234475160256409,0.0008680555555555559,0.632996127136752,0.18265892094017108,0.07416866987179487,0.4897168803418804,0.6548978365384616,0.005108173076923076,0.6747295673076924,0.47223891559829045,0.031450320512820706,-0.06906049679487179,0.00424011752136752,0.18501268696581202,0.041733440170940383,lower,higher,higher,higher,0,0,96,91,5,0,0,0,8,8,0,0,0,175,305
58,D2+D4+D5+D6,4,,,false,false,0.6276542467948717,0.00217013888888889,0.6411091079059827,0.20371761485042741,0.07416866987179487,0.5522669604700856,0.6595052083333334,0.006410256410256412,0.6847622863247863,0.455787593482906,0.031850961538461675,-0.06775841346153845,0.004240117521367522,0.1324953258547007,0.04365317841880356,lower,higher,higher,higher,0,0,96,91,5,0,0,0,8,8,0,0,6,163,311
59,D1+D2+D4+D5+D6,5,,,false,false,0.6276542467948717,0.00217013888888889,0.6411091079059827,0.20371761485042741,0.07416866987179487,0.5522669604700856,0.6595052083333334,0.006410256410256412,0.6847622863247863,0.455787593482906,0.031850961538461675,-0.06775841346153845,0.004240117521367522,0.1324953258547007,0.04365317841880356,lower,higher,higher,higher,0,0,96,91,5,0,0,0,8,8,0,0,6,163,311
60,D3+D4+D5+D6,4,,,false,true,0.6234475160256409,0,0.6234475160256409,0.19251635950854715,0.0733006143162393,0.5133713942307694,0.6548978365384616,0.004674145299145297,0.6660490117521368,0.4623814770299144,0.031450320512820706,-0.068626469017094,0.004674145299145297,0.15267761752136744,0.042601495726495964,lower,higher,higher,higher,0,0,96,91,5,0,0,0,8,8,0,0,0,175,305
61,D1+D3+D4+D5+D6,5,,,false,true,0.6234475160256409,0,0.6234475160256409,0.19251635950854715,0.0733006143162393,0.5133713942307694,0.6548978365384616,0.004674145299145297,0.6660490117521368,0.4623814770299144,0.031450320512820706,-0.068626469017094,0.004674145299145297,0.15267761752136744,0.042601495726495964,lower,higher,higher,higher,0,0,96,91,5,0,0,0,8,8,0,0,0,175,305
62,D2+D3+D4+D5+D6,5,,,false,true,0.6276542467948717,0,0.6276542467948717,0.20838341346153852,0.0733006143162393,0.5646367521367521,0.6614583333333336,0.004674145299145297,0.6743456196581198,0.45307491987179505,0.0338040865384619,-0.068626469017094,0.004674145299145297,0.10970886752136766,0.04669137286324809,lower,higher,higher,higher,0,0,96,91,5,0,0,0,8,8,0,0,0,169,311
63,D1+D2+D3+D4+D5+D6,6,,,false,true,0.6276542467948717,0,0.6276542467948717,0.20838341346153852,0.0733006143162393,0.5646367521367521,0.6614583333333336,0.004674145299145297,0.6743456196581198,0.45307491987179505,0.0338040865384619,-0.068626469017094,0.004674145299145297,0.10970886752136766,0.04669137286324809,lower,higher,higher,higher,0,0,96,91,5,0,0,0,8,8,0,0,0,169,311
64,D7,1,,,false,false,0.5903779380341878,0.0008680555555555559,0.5999265491452989,0.19945245726495708,0.0008680555555555559,0.20552884615384595,0.5903779380341878,0.0008680555555555559,0.5999265491452989,0.3909254807692307,0,0,0,0.39439770299145294,0,equal,higher,equal,equal,0,0,96,0,96,0,0,0,8,0,8,0,0,196,284
65,D1+D7,2,,,false,false,0.6234475160256409,0.0008680555555555559,0.632996127136752,0.18265892094017108,0.07416866987179487,0.4897168803418804,0.6548978365384616,0.005108173076923076,0.6747295673076924,0.47223891559829045,0.031450320512820706,-0.06906049679487179,0.00424011752136752,0.18501268696581202,0.041733440170940383,lower,higher,higher,higher,0,0,96,91,5,0,0,0,8,8,0,0,0,175,305
66,D2+D7,2,,,false,false,0.5997095352564101,0.00217013888888889,0.6131643963675212,0.2611344818376069,0.0008680555555555559,0.2680789262820514,0.6016292735042733,0.00217013888888889,0.6150841346153844,0.3404947916666664,0.0019197382478631786,0.001302083333333334,0,0.347005208333333,0.0019197382478631786,higher,higher,equal,higher,0,0,96,0,90,6,0,0,8,0,6,2,6,181,293
67,D1+D2+D7,3,,,false,false,0.6276542467948717,0.00217013888888889,0.6411091079059827,0.20371761485042741,0.07416866987179487,0.5522669604700856,0.6595052083333334,0.006410256410256412,0.6847622863247863,0.455787593482906,0.031850961538461675,-0.06775841346153845,0.004240117521367522,0.1324953258547007,0.04365317841880356,lower,higher,higher,higher,0,0,96,91,5,0,0,0,8,8,0,0,6,163,311
68,D3+D7,2,,,false,true,0.5903779380341878,0,0.5903779380341878,0.229183360042735,0,0.229183360042735,0.5903779380341878,0,0.5903779380341878,0.3611945779914528,0,0,0,0.3611945779914528,0,equal,higher,equal,equal,0,0,96,0,96,0,0,0,8,0,8,0,0,196,284
69,D1+D3+D7,3,,,false,true,0.6234475160256409,0,0.6234475160256409,0.19251635950854715,0.0733006143162393,0.5133713942307694,0.6548978365384616,0.004674145299145297,0.6660490117521368,0.4623814770299144,0.031450320512820706,-0.068626469017094,0.004674145299145297,0.15267761752136744,0.042601495726495964,lower,higher,higher,higher,0,0,96,91,5,0,0,0,8,8,0,0,0,175,305
70,D2+D3+D7,3,,,false,true,0.5997095352564101,0,0.5997095352564101,0.280448717948718,0,0.280448717948718,0.6037994123931623,0,0.6037994123931623,0.32335069444444425,0.004089877136752129,0,0,0.32335069444444425,0.004089877136752129,equal,higher,equal,higher,0,0,96,0,96,0,0,0,8,0,8,0,0,187,293
71,D1+D2+D3+D7,4,,,false,true,0.6276542467948717,0,0.6276542467948717,0.20838341346153852,0.0733006143162393,0.5646367521367521,0.6614583333333336,0.004674145299145297,0.6743456196581198,0.45307491987179505,0.0338040865384619,-0.068626469017094,0.004674145299145297,0.10970886752136766,0.04669137286324809,lower,higher,higher,higher,0,0,96,91,5,0,0,0,8,8,0,0,0,169,311
72,D4+D7,2,,,false,false,0.6234475160256409,0.0008680555555555559,0.632996127136752,0.18265892094017108,0.07416866987179487,0.4897168803418804,0.6548978365384616,0.005108173076923076,0.6747295673076924,0.47223891559829045,0.031450320512820706,-0.06906049679487179,0.00424011752136752,0.18501268696581202,0.041733440170940383,lower,higher,higher,higher,0,0,96,91,5,0,0,0,8,8,0,0,0,175,305
73,D1+D4+D7,3,,,false,false,0.6234475160256409,0.0008680555555555559,0.632996127136752,0.18265892094017108,0.07416866987179487,0.4897168803418804,0.6548978365384616,0.005108173076923076,0.6747295673076924,0.47223891559829045,0.031450320512820706,-0.06906049679487179,0.00424011752136752,0.18501268696581202,0.041733440170940383,lower,higher,higher,higher,0,0,96,91,5,0,0,0,8,8,0,0,0,175,305
74,D2+D4+D7,3,,,false,false,0.6276542467948717,0.00217013888888889,0.6411091079059827,0.20371761485042741,0.07416866987179487,0.5522669604700856,0.6595052083333334,0.006410256410256412,0.6847622863247863,0.455787593482906,0.031850961538461675,-0.06775841346153845,0.004240117521367522,0.1324953258547007,0.04365317841880356,lower,higher,higher,higher,0,0,96,91,5,0,0,0,8,8,0,0,6,163,311
75,D1+D2+D4+D7,4,,,false,false,0.6276542467948717,0.00217013888888889,0.6411091079059827,0.20371761485042741,0.07416866987179487,0.5522669604700856,0.6595052083333334,0.006410256410256412,0.6847622863247863,0.455787593482906,0.031850961538461675,-0.06775841346153845,0.004240117521367522,0.1324953258547007,0.04365317841880356,lower,higher,higher,higher,0,0,96,91,5,0,0,0,8,8,0,0,6,163,311
76,D3+D4+D7,3,,,false,true,0.6234475160256409,0,0.6234475160256409,0.19251635950854715,0.0733006143162393,0.5133713942307694,0.6548978365384616,0.004674145299145297,0.6660490117521368,0.4623814770299144,0.031450320512820706,-0.068626469017094,0.004674145299145297,0.15267761752136744,0.042601495726495964,lower,higher,higher,higher,0,0,96,91,5,0,0,0,8,8,0,0,0,175,305
77,D1+D3+D4+D7,4,,,false,true,0.6234475160256409,0,0.6234475160256409,0.19251635950854715,0.0733006143162393,0.5133713942307694,0.6548978365384616,0.004674145299145297,0.6660490117521368,0.4623814770299144,0.031450320512820706,-0.068626469017094,0.004674145299145297,0.15267761752136744,0.042601495726495964,lower,higher,higher,higher,0,0,96,91,5,0,0,0,8,8,0,0,0,175,305
78,D2+D3+D4+D7,4,,,false,true,0.6276542467948717,0,0.6276542467948717,0.20838341346153852,0.0733006143162393,0.5646367521367521,0.6614583333333336,0.004674145299145297,0.6743456196581198,0.45307491987179505,0.0338040865384619,-0.068626469017094,0.004674145299145297,0.10970886752136766,0.04669137286324809,lower,higher,higher,higher,0,0,96,91,5,0,0,0,8,8,0,0,0,169,311
79,D1+D2+D3+D4+D7,5,,,false,true,0.6276542467948717,0,0.6276542467948717,0.20838341346153852,0.0733006143162393,0.5646367521367521,0.6614583333333336,0.004674145299145297,0.6743456196581198,0.45307491987179505,0.0338040865384619,-0.068626469017094,0.004674145299145297,0.10970886752136766,0.04669137286324809,lower,higher,higher,higher,0,0,96,91,5,0,0,0,8,8,0,0,0,169,311
80,D5+D7,2,1,S4,false,false,0.5903779380341878,0.0008680555555555559,0.5999265491452989,0.19945245726495708,0.0008680555555555559,0.20552884615384595,0.5903779380341878,0.0008680555555555559,0.5999265491452989,0.3909254807692307,0,0,0,0.39439770299145294,0,equal,higher,equal,equal,0,0,96,0,96,0,0,0,8,0,8,0,0,196,284
81,D1+D5+D7,3,,,false,false,0.6234475160256409,0.0008680555555555559,0.632996127136752,0.18265892094017108,0.07416866987179487,0.4897168803418804,0.6548978365384616,0.005108173076923076,0.6747295673076924,0.47223891559829045,0.031450320512820706,-0.06906049679487179,0.00424011752136752,0.18501268696581202,0.041733440170940383,lower,higher,higher,higher,0,0,96,91,5,0,0,0,8,8,0,0,0,175,305
82,D2+D5+D7,3,2,S3+S4,false,false,0.5997095352564101,0.00217013888888889,0.6131643963675212,0.2611344818376069,0.0008680555555555559,0.2680789262820514,0.6016292735042733,0.00217013888888889,0.6150841346153844,0.3404947916666664,0.0019197382478631786,0.001302083333333334,0,0.347005208333333,0.0019197382478631786,higher,higher,equal,higher,0,0,96,0,90,6,0,0,8,0,6,2,6,181,293
83,D1+D2+D5+D7,4,,,false,false,0.6276542467948717,0.00217013888888889,0.6411091079059827,0.20371761485042741,0.07416866987179487,0.5522669604700856,0.6595052083333334,0.006410256410256412,0.6847622863247863,0.455787593482906,0.031850961538461675,-0.06775841346153845,0.004240117521367522,0.1324953258547007,0.04365317841880356,lower,higher,higher,higher,0,0,96,91,5,0,0,0,8,8,0,0,6,163,311
84,D3+D5+D7,3,2,S4+S5,false,true,0.5903779380341878,0,0.5903779380341878,0.229183360042735,0,0.229183360042735,0.5903779380341878,0,0.5903779380341878,0.3611945779914528,0,0,0,0.3611945779914528,0,equal,higher,equal,equal,0,0,96,0,96,0,0,0,8,0,8,0,0,196,284
85,D1+D3+D5+D7,4,,,false,true,0.6234475160256409,0,0.6234475160256409,0.19251635950854715,0.0733006143162393,0.5133713942307694,0.6548978365384616,0.004674145299145297,0.6660490117521368,0.4623814770299144,0.031450320512820706,-0.068626469017094,0.004674145299145297,0.15267761752136744,0.042601495726495964,lower,higher,higher,higher,0,0,96,91,5,0,0,0,8,8,0,0,0,175,305
86,D2+D3+D5+D7,4,3,S3+S4+S5,false,true,0.5997095352564101,0,0.5997095352564101,0.280448717948718,0,0.280448717948718,0.6037994123931623,0,0.6037994123931623,0.32335069444444425,0.004089877136752129,0,0,0.32335069444444425,0.004089877136752129,equal,higher,equal,higher,0,0,96,0,96,0,0,0,8,0,8,0,0,187,293
87,D1+D2+D3+D5+D7,5,,,false,true,0.6276542467948717,0,0.6276542467948717,0.20838341346153852,0.0733006143162393,0.5646367521367521,0.6614583333333336,0.004674145299145297,0.6743456196581198,0.45307491987179505,0.0338040865384619,-0.068626469017094,0.004674145299145297,0.10970886752136766,0.04669137286324809,lower,higher,higher,higher,0,0,96,91,5,0,0,0,8,8,0,0,0,169,311
88,D4+D5+D7,3,,,false,false,0.6234475160256409,0.0008680555555555559,0.632996127136752,0.18265892094017108,0.07416866987179487,0.4897168803418804,0.6548978365384616,0.005108173076923076,0.6747295673076924,0.47223891559829045,0.031450320512820706,-0.06906049679487179,0.00424011752136752,0.18501268696581202,0.041733440170940383,lower,higher,higher,higher,0,0,96,91,5,0,0,0,8,8,0,0,0,175,305
89,D1+D4+D5+D7,4,2,S1+S4,false,false,0.6234475160256409,0.0008680555555555559,0.632996127136752,0.18265892094017108,0.07416866987179487,0.4897168803418804,0.6548978365384616,0.005108173076923076,0.6747295673076924,0.47223891559829045,0.031450320512820706,-0.06906049679487179,0.00424011752136752,0.18501268696581202,0.041733440170940383,lower,higher,higher,higher,0,0,96,91,5,0,0,0,8,8,0,0,0,175,305
90,D2+D4+D5+D7,4,,,false,false,0.6276542467948717,0.00217013888888889,0.6411091079059827,0.20371761485042741,0.07416866987179487,0.5522669604700856,0.6595052083333334,0.006410256410256412,0.6847622863247863,0.455787593482906,0.031850961538461675,-0.06775841346153845,0.004240117521367522,0.1324953258547007,0.04365317841880356,lower,higher,higher,higher,0,0,96,91,5,0,0,0,8,8,0,0,6,163,311
91,D1+D2+D4+D5+D7,5,3,S1+S3+S4,false,false,0.6276542467948717,0.00217013888888889,0.6411091079059827,0.20371761485042741,0.07416866987179487,0.5522669604700856,0.6595052083333334,0.006410256410256412,0.6847622863247863,0.455787593482906,0.031850961538461675,-0.06775841346153845,0.004240117521367522,0.1324953258547007,0.04365317841880356,lower,higher,higher,higher,0,0,96,91,5,0,0,0,8,8,0,0,6,163,311
92,D3+D4+D5+D7,4,,,false,true,0.6234475160256409,0,0.6234475160256409,0.19251635950854715,0.0733006143162393,0.5133713942307694,0.6548978365384616,0.004674145299145297,0.6660490117521368,0.4623814770299144,0.031450320512820706,-0.068626469017094,0.004674145299145297,0.15267761752136744,0.042601495726495964,lower,higher,higher,higher,0,0,96,91,5,0,0,0,8,8,0,0,0,175,305
93,D1+D3+D4+D5+D7,5,3,S1+S4+S5,false,true,0.6234475160256409,0,0.6234475160256409,0.19251635950854715,0.0733006143162393,0.5133713942307694,0.6548978365384616,0.004674145299145297,0.6660490117521368,0.4623814770299144,0.031450320512820706,-0.068626469017094,0.004674145299145297,0.15267761752136744,0.042601495726495964,lower,higher,higher,higher,0,0,96,91,5,0,0,0,8,8,0,0,0,175,305
94,D2+D3+D4+D5+D7,5,,,false,true,0.6276542467948717,0,0.6276542467948717,0.20838341346153852,0.0733006143162393,0.5646367521367521,0.6614583333333336,0.004674145299145297,0.6743456196581198,0.45307491987179505,0.0338040865384619,-0.068626469017094,0.004674145299145297,0.10970886752136766,0.04669137286324809,lower,higher,higher,higher,0,0,96,91,5,0,0,0,8,8,0,0,0,169,311
95,D1+D2+D3+D4+D5+D7,6,4,S1+S3+S4+S5,false,true,0.6276542467948717,0,0.6276542467948717,0.20838341346153852,0.0733006143162393,0.5646367521367521,0.6614583333333336,0.004674145299145297,0.6743456196581198,0.45307491987179505,0.0338040865384619,-0.068626469017094,0.004674145299145297,0.10970886752136766,0.04669137286324809,lower,higher,higher,higher,0,0,96,91,5,0,0,0,8,8,0,0,0,169,311
96,D6+D7,2,,,false,false,0.6234475160256409,0.0008680555555555559,0.632996127136752,0.18265892094017108,0.07416866987179487,0.4897168803418804,0.6548978365384616,0.005108173076923076,0.6747295673076924,0.47223891559829045,0.031450320512820706,-0.06906049679487179,0.00424011752136752,0.18501268696581202,0.041733440170940383,lower,higher,higher,higher,0,0,96,91,5,0,0,0,8,8,0,0,0,175,305
97,D1+D6+D7,3,,,false,false,0.6234475160256409,0.0008680555555555559,0.632996127136752,0.18265892094017108,0.07416866987179487,0.4897168803418804,0.6548978365384616,0.005108173076923076,0.6747295673076924,0.47223891559829045,0.031450320512820706,-0.06906049679487179,0.00424011752136752,0.18501268696581202,0.041733440170940383,lower,higher,higher,higher,0,0,96,91,5,0,0,0,8,8,0,0,0,175,305
98,D2+D6+D7,3,,,false,false,0.6276542467948717,0.00217013888888889,0.6411091079059827,0.20371761485042741,0.07416866987179487,0.5522669604700856,0.6595052083333334,0.006410256410256412,0.6847622863247863,0.455787593482906,0.031850961538461675,-0.06775841346153845,0.004240117521367522,0.1324953258547007,0.04365317841880356,lower,higher,higher,higher,0,0,96,91,5,0,0,0,8,8,0,0,6,163,311
99,D1+D2+D6+D7,4,,,false,false,0.6276542467948717,0.00217013888888889,0.6411091079059827,0.20371761485042741,0.07416866987179487,0.5522669604700856,0.6595052083333334,0.006410256410256412,0.6847622863247863,0.455787593482906,0.031850961538461675,-0.06775841346153845,0.004240117521367522,0.1324953258547007,0.04365317841880356,lower,higher,higher,higher,0,0,96,91,5,0,0,0,8,8,0,0,6,163,311
100,D3+D6+D7,3,,,false,true,0.6234475160256409,0,0.6234475160256409,0.19251635950854715,0.0733006143162393,0.5133713942307694,0.6548978365384616,0.004674145299145297,0.6660490117521368,0.4623814770299144,0.031450320512820706,-0.068626469017094,0.004674145299145297,0.15267761752136744,0.042601495726495964,lower,higher,higher,higher,0,0,96,91,5,0,0,0,8,8,0,0,0,175,305
101,D1+D3+D6+D7,4,,,false,true,0.6234475160256409,0,0.6234475160256409,0.19251635950854715,0.0733006143162393,0.5133713942307694,0.6548978365384616,0.004674145299145297,0.6660490117521368,0.4623814770299144,0.031450320512820706,-0.068626469017094,0.004674145299145297,0.15267761752136744,0.042601495726495964,lower,higher,higher,higher,0,0,96,91,5,0,0,0,8,8,0,0,0,175,305
102,D2+D3+D6+D7,4,,,false,true,0.6276542467948717,0,0.6276542467948717,0.20838341346153852,0.0733006143162393,0.5646367521367521,0.6614583333333336,0.004674145299145297,0.6743456196581198,0.45307491987179505,0.0338040865384619,-0.068626469017094,0.004674145299145297,0.10970886752136766,0.04669137286324809,lower,higher,higher,higher,0,0,96,91,5,0,0,0,8,8,0,0,0,169,311
103,D1+D2+D3+D6+D7,5,,,false,true,0.6276542467948717,0,0.6276542467948717,0.20838341346153852,0.0733006143162393,0.5646367521367521,0.6614583333333336,0.004674145299145297,0.6743456196581198,0.45307491987179505,0.0338040865384619,-0.068626469017094,0.004674145299145297,0.10970886752136766,0.04669137286324809,lower,higher,higher,higher,0,0,96,91,5,0,0,0,8,8,0,0,0,169,311
104,D4+D6+D7,3,,,false,false,0.6234475160256409,0.0008680555555555559,0.632996127136752,0.18265892094017108,0.07416866987179487,0.4897168803418804,0.6548978365384616,0.005108173076923076,0.6747295673076924,0.47223891559829045,0.031450320512820706,-0.06906049679487179,0.00424011752136752,0.18501268696581202,0.041733440170940383,lower,higher,higher,higher,0,0,96,91,5,0,0,0,8,8,0,0,0,175,305
105,D1+D4+D6+D7,4,,,false,false,0.6234475160256409,0.0008680555555555559,0.632996127136752,0.18265892094017108,0.07416866987179487,0.4897168803418804,0.6548978365384616,0.005108173076923076,0.6747295673076924,0.47223891559829045,0.031450320512820706,-0.06906049679487179,0.00424011752136752,0.18501268696581202,0.041733440170940383,lower,higher,higher,higher,0,0,96,91,5,0,0,0,8,8,0,0,0,175,305
106,D2+D4+D6+D7,4,,,false,false,0.6276542467948717,0.00217013888888889,0.6411091079059827,0.20371761485042741,0.07416866987179487,0.5522669604700856,0.6595052083333334,0.006410256410256412,0.6847622863247863,0.455787593482906,0.031850961538461675,-0.06775841346153845,0.004240117521367522,0.1324953258547007,0.04365317841880356,lower,higher,higher,higher,0,0,96,91,5,0,0,0,8,8,0,0,6,163,311
107,D1+D2+D4+D6+D7,5,,,false,false,0.6276542467948717,0.00217013888888889,0.6411091079059827,0.20371761485042741,0.07416866987179487,0.5522669604700856,0.6595052083333334,0.006410256410256412,0.6847622863247863,0.455787593482906,0.031850961538461675,-0.06775841346153845,0.004240117521367522,0.1324953258547007,0.04365317841880356,lower,higher,higher,higher,0,0,96,91,5,0,0,0,8,8,0,0,6,163,311
108,D3+D4+D6+D7,4,,,false,true,0.6234475160256409,0,0.6234475160256409,0.19251635950854715,0.0733006143162393,0.5133713942307694,0.6548978365384616,0.004674145299145297,0.6660490117521368,0.4623814770299144,0.031450320512820706,-0.068626469017094,0.004674145299145297,0.15267761752136744,0.042601495726495964,lower,higher,higher,higher,0,0,96,91,5,0,0,0,8,8,0,0,0,175,305
109,D1+D3+D4+D6+D7,5,,,false,true,0.6234475160256409,0,0.6234475160256409,0.19251635950854715,0.0733006143162393,0.5133713942307694,0.6548978365384616,0.004674145299145297,0.6660490117521368,0.4623814770299144,0.031450320512820706,-0.068626469017094,0.004674145299145297,0.15267761752136744,0.042601495726495964,lower,higher,higher,higher,0,0,96,91,5,0,0,0,8,8,0,0,0,175,305
110,D2+D3+D4+D6+D7,5,,,false,true,0.6276542467948717,0,0.6276542467948717,0.20838341346153852,0.0733006143162393,0.5646367521367521,0.6614583333333336,0.004674145299145297,0.6743456196581198,0.45307491987179505,0.0338040865384619,-0.068626469017094,0.004674145299145297,0.10970886752136766,0.04669137286324809,lower,higher,higher,higher,0,0,96,91,5,0,0,0,8,8,0,0,0,169,311
111,D1+D2+D3+D4+D6+D7,6,,,false,true,0.6276542467948717,0,0.6276542467948717,0.20838341346153852,0.0733006143162393,0.5646367521367521,0.6614583333333336,0.004674145299145297,0.6743456196581198,0.45307491987179505,0.0338040865384619,-0.068626469017094,0.004674145299145297,0.10970886752136766,0.04669137286324809,lower,higher,higher,higher,0,0,96,91,5,0,0,0,8,8,0,0,0,169,311
112,D5+D6+D7,3,2,S2+S4,false,false,0.6234475160256409,0.0008680555555555559,0.632996127136752,0.18265892094017108,0.07416866987179487,0.4897168803418804,0.6548978365384616,0.005108173076923076,0.6747295673076924,0.47223891559829045,0.031450320512820706,-0.06906049679487179,0.00424011752136752,0.18501268696581202,0.041733440170940383,lower,higher,higher,higher,0,0,96,91,5,0,0,0,8,8,0,0,0,175,305
113,D1+D5+D6+D7,4,,,false,false,0.6234475160256409,0.0008680555555555559,0.632996127136752,0.18265892094017108,0.07416866987179487,0.4897168803418804,0.6548978365384616,0.005108173076923076,0.6747295673076924,0.47223891559829045,0.031450320512820706,-0.06906049679487179,0.00424011752136752,0.18501268696581202,0.041733440170940383,lower,higher,higher,higher,0,0,96,91,5,0,0,0,8,8,0,0,0,175,305
114,D2+D5+D6+D7,4,3,S2+S3+S4,false,false,0.6276542467948717,0.00217013888888889,0.6411091079059827,0.20371761485042741,0.07416866987179487,0.5522669604700856,0.6595052083333334,0.006410256410256412,0.6847622863247863,0.455787593482906,0.031850961538461675,-0.06775841346153845,0.004240117521367522,0.1324953258547007,0.04365317841880356,lower,higher,higher,higher,0,0,96,91,5,0,0,0,8,8,0,0,6,163,311
115,D1+D2+D5+D6+D7,5,,,false,false,0.6276542467948717,0.00217013888888889,0.6411091079059827,0.20371761485042741,0.07416866987179487,0.5522669604700856,0.6595052083333334,0.006410256410256412,0.6847622863247863,0.455787593482906,0.031850961538461675,-0.06775841346153845,0.004240117521367522,0.1324953258547007,0.04365317841880356,lower,higher,higher,higher,0,0,96,91,5,0,0,0,8,8,0,0,6,163,311
116,D3+D5+D6+D7,4,3,S2+S4+S5,false,true,0.6234475160256409,0,0.6234475160256409,0.19251635950854715,0.0733006143162393,0.5133713942307694,0.6548978365384616,0.004674145299145297,0.6660490117521368,0.4623814770299144,0.031450320512820706,-0.068626469017094,0.004674145299145297,0.15267761752136744,0.042601495726495964,lower,higher,higher,higher,0,0,96,91,5,0,0,0,8,8,0,0,0,175,305
117,D1+D3+D5+D6+D7,5,,,false,true,0.6234475160256409,0,0.6234475160256409,0.19251635950854715,0.0733006143162393,0.5133713942307694,0.6548978365384616,0.004674145299145297,0.6660490117521368,0.4623814770299144,0.031450320512820706,-0.068626469017094,0.004674145299145297,0.15267761752136744,0.042601495726495964,lower,higher,higher,higher,0,0,96,91,5,0,0,0,8,8,0,0,0,175,305
118,D2+D3+D5+D6+D7,5,4,S2+S3+S4+S5,false,true,0.6276542467948717,0,0.6276542467948717,0.20838341346153852,0.0733006143162393,0.5646367521367521,0.6614583333333336,0.004674145299145297,0.6743456196581198,0.45307491987179505,0.0338040865384619,-0.068626469017094,0.004674145299145297,0.10970886752136766,0.04669137286324809,lower,higher,higher,higher,0,0,96,91,5,0,0,0,8,8,0,0,0,169,311
119,D1+D2+D3+D5+D6+D7,6,,,false,true,0.6276542467948717,0,0.6276542467948717,0.20838341346153852,0.0733006143162393,0.5646367521367521,0.6614583333333336,0.004674145299145297,0.6743456196581198,0.45307491987179505,0.0338040865384619,-0.068626469017094,0.004674145299145297,0.10970886752136766,0.04669137286324809,lower,higher,higher,higher,0,0,96,91,5,0,0,0,8,8,0,0,0,169,311
120,D4+D5+D6+D7,4,,,false,false,0.6234475160256409,0.0008680555555555559,0.632996127136752,0.18265892094017108,0.07416866987179487,0.4897168803418804,0.6548978365384616,0.005108173076923076,0.6747295673076924,0.47223891559829045,0.031450320512820706,-0.06906049679487179,0.00424011752136752,0.18501268696581202,0.041733440170940383,lower,higher,higher,higher,0,0,96,91,5,0,0,0,8,8,0,0,0,175,305
121,D1+D4+D5+D6+D7,5,3,S1+S2+S4,false,false,0.6234475160256409,0.0008680555555555559,0.632996127136752,0.18265892094017108,0.07416866987179487,0.4897168803418804,0.6548978365384616,0.005108173076923076,0.6747295673076924,0.47223891559829045,0.031450320512820706,-0.06906049679487179,0.00424011752136752,0.18501268696581202,0.041733440170940383,lower,higher,higher,higher,0,0,96,91,5,0,0,0,8,8,0,0,0,175,305
122,D2+D4+D5+D6+D7,5,,,false,false,0.6276542467948717,0.00217013888888889,0.6411091079059827,0.20371761485042741,0.07416866987179487,0.5522669604700856,0.6595052083333334,0.006410256410256412,0.6847622863247863,0.455787593482906,0.031850961538461675,-0.06775841346153845,0.004240117521367522,0.1324953258547007,0.04365317841880356,lower,higher,higher,higher,0,0,96,91,5,0,0,0,8,8,0,0,6,163,311
123,D1+D2+D4+D5+D6+D7,6,4,S1+S2+S3+S4,false,false,0.6276542467948717,0.00217013888888889,0.6411091079059827,0.20371761485042741,0.07416866987179487,0.5522669604700856,0.6595052083333334,0.006410256410256412,0.6847622863247863,0.455787593482906,0.031850961538461675,-0.06775841346153845,0.004240117521367522,0.1324953258547007,0.04365317841880356,lower,higher,higher,higher,0,0,96,91,5,0,0,0,8,8,0,0,6,163,311
124,D3+D4+D5+D6+D7,5,,,false,true,0.6234475160256409,0,0.6234475160256409,0.19251635950854715,0.0733006143162393,0.5133713942307694,0.6548978365384616,0.004674145299145297,0.6660490117521368,0.4623814770299144,0.031450320512820706,-0.068626469017094,0.004674145299145297,0.15267761752136744,0.042601495726495964,lower,higher,higher,higher,0,0,96,91,5,0,0,0,8,8,0,0,0,175,305
125,D1+D3+D4+D5+D6+D7,6,4,S1+S2+S4+S5,false,true,0.6234475160256409,0,0.6234475160256409,0.19251635950854715,0.0733006143162393,0.5133713942307694,0.6548978365384616,0.004674145299145297,0.6660490117521368,0.4623814770299144,0.031450320512820706,-0.068626469017094,0.004674145299145297,0.15267761752136744,0.042601495726495964,lower,higher,higher,higher,0,0,96,91,5,0,0,0,8,8,0,0,0,175,305
126,D2+D3+D4+D5+D6+D7,6,,,false,true,0.6276542467948717,0,0.6276542467948717,0.20838341346153852,0.0733006143162393,0.5646367521367521,0.6614583333333336,0.004674145299145297,0.6743456196581198,0.45307491987179505,0.0338040865384619,-0.068626469017094,0.004674145299145297,0.10970886752136766,0.04669137286324809,lower,higher,higher,higher,0,0,96,91,5,0,0,0,8,8,0,0,0,169,311
127,D1+D2+D3+D4+D5+D6+D7,7,5,S1+S2+S3+S4+S5,false,true,0.6276542467948717,0,0.6276542467948717,0.20838341346153852,0.0733006143162393,0.5646367521367521,0.6614583333333336,0.004674145299145297,0.6743456196581198,0.45307491987179505,0.0338040865384619,-0.068626469017094,0.004674145299145297,0.10970886752136766,0.04669137286324809,lower,higher,higher,higher,0,0,96,91,5,0,0,0,8,8,0,0,0,169,311
128,D8,1,1,S6,true,false,0.6276542467948717,0.04610710470085471,0.7257111378205124,0.13895566239316268,0,0.13895566239316268,0.6276542467948717,0.04610710470085471,0.7257111378205124,0.488698584401709,0,0.04610710470085471,0,0.5867554754273497,0,higher,higher,equal,equal,0,0,96,0,28,68,0,0,8,0,0,8,70,99,311
129,D1+D8,2,,,true,false,0.6276542467948717,0.02266960470085472,0.7161625267094016,0.4270499465811964,0.000651041666666667,0.43356036324786307,0.6359007745726495,0.02266960470085472,0.7244090544871792,0.2088508279914531,0.00824652777777779,0.022018563034188053,0,0.2908486912393161,0.008246527777777568,higher,higher,equal,higher,0,0,96,0,48,48,0,0,8,0,1,7,48,139,293
130,D2+D8,2,2,S3+S6,true,false,0.6276542467948717,0.04610710470085471,0.7257111378205124,0.18828458867521358,0.013621794871794872,0.21472689636752137,0.6276542467948717,0.04610710470085471,0.7257111378205124,0.4393696581196581,0,0.03248530982905984,0,0.510984241452991,0,higher,higher,equal,equal,0,0,96,0,61,35,0,0,8,0,3,5,37,138,305
131,D1+D2+D8,3,,,true,false,0.6276542467948717,0.02266960470085472,0.7161625267094016,0.4410723824786326,0.014272836538461542,0.5093315972222224,0.6359007745726495,0.02266960470085472,0.7244090544871792,0.19482839209401687,0.00824652777777779,0.00839676816239318,0,0.21507745726495675,0.008246527777777568,higher,higher,equal,higher,2,0,94,0,81,15,0,0,8,0,4,4,15,182,283
132,D3+D8,2,2,S5+S6,true,true,0.6276542467948717,0.043936965811965815,0.7122562767094016,0.1494224091880342,0.03091613247863247,0.18472889957264962,0.6319945245726494,0.043936965811965815,0.7165965544871793,0.4825721153846152,0.004340277777777679,0.013020833333333346,0,0.5318676549145297,0.004340277777777679,higher,higher,equal,higher,0,0,96,0,85,11,0,0,8,0,6,2,13,156,311
133,D1+D3+D8,3,,,true,true,0.6276542467948717,0.02049946581196582,0.7027076655982905,0.399689503205128,0.02049946581196582,0.47282318376068383,0.6411091079059827,0.02049946581196582,0.7161625267094015,0.24141960470085472,0.01345486111111105,0,0,0.24333934294871767,0.01345486111111105,equal,higher,equal,higher,0,0,96,0,96,0,0,0,8,0,8,0,0,188,292
134,D2+D3+D8,3,3,S3+S5+S6,true,true,0.6276542467948717,0.043936965811965815,0.7122562767094016,0.19876802884615377,0.03091613247863247,0.23599425747863242,0.6341646634615383,0.043936965811965815,0.7187666933760681,0.4353966346153846,0.00651041666666663,0.013020833333333346,0,0.4827724358974357,0.006510416666666519,higher,higher,equal,higher,0,0,96,0,85,11,0,0,8,0,6,2,13,162,305
135,D1+D2+D3+D8,4,,,true,true,0.6276542467948717,0.02049946581196582,0.7027076655982905,0.4490351228632479,0.02049946581196582,0.5240885416666667,0.6432792467948717,0.02049946581196582,0.7183326655982905,0.19424412393162377,0.015625,0,0,0.1942441239316237,0.015625,equal,higher,equal,higher,0,0,96,0,96,0,0,0,8,0,8,0,0,200,280
136,D4+D8,2,,,true,false,0.6276542467948717,0.02266960470085472,0.7161625267094016,0.4270499465811964,0.000651041666666667,0.43356036324786307,0.6359007745726495,0.02266960470085472,0.7244090544871792,0.2088508279914531,0.00824652777777779,0.022018563034188053,0,0.2908486912393161,0.008246527777777568,higher,higher,equal,higher,0,0,96,0,48,48,0,0,8,0,1,7,48,139,293
137,D1+D4+D8,3,2,S1+S6,true,false,0.6276542467948717,0.02266960470085472,0.7161625267094016,0.4270499465811964,0.000651041666666667,0.43356036324786307,0.6359007745726495,0.02266960470085472,0.7244090544871792,0.2088508279914531,0.00824652777777779,0.022018563034188053,0,0.2908486912393161,0.008246527777777568,higher,higher,equal,higher,0,0,96,0,48,48,0,0,8,0,1,7,48,139,293
138,D2+D4+D8,3,,,true,false,0.6276542467948717,0.02266960470085472,0.7161625267094016,0.4410723824786326,0.014272836538461542,0.5093315972222224,0.6359007745726495,0.02266960470085472,0.7244090544871792,0.19482839209401687,0.00824652777777779,0.00839676816239318,0,0.21507745726495675,0.008246527777777568,higher,higher,equal,higher,2,0,94,0,81,15,0,0,8,0,4,4,15,182,283
139,D1+D2+D4+D8,4,3,S1+S3+S6,true,false,0.6276542467948717,0.02266960470085472,0.7161625267094016,0.4410723824786326,0.014272836538461542,0.5093315972222224,0.6359007745726495,0.02266960470085472,0.7244090544871792,0.19482839209401687,0.00824652777777779,0.00839676816239318,0,0.21507745726495675,0.008246527777777568,higher,higher,equal,higher,2,0,94,0,81,15,0,0,8,0,4,4,15,182,283
140,D3+D4+D8,3,,,true,true,0.6276542467948717,0.02049946581196582,0.7027076655982905,0.399689503205128,0.02049946581196582,0.47282318376068383,0.6411091079059827,0.02049946581196582,0.7161625267094015,0.24141960470085472,0.01345486111111105,0,0,0.24333934294871767,0.01345486111111105,equal,higher,equal,higher,0,0,96,0,96,0,0,0,8,0,8,0,0,188,292
141,D1+D3+D4+D8,4,3,S1+S5+S6,true,true,0.6276542467948717,0.02049946581196582,0.7027076655982905,0.399689503205128,0.02049946581196582,0.47282318376068383,0.6411091079059827,0.02049946581196582,0.7161625267094015,0.24141960470085472,0.01345486111111105,0,0,0.24333934294871767,0.01345486111111105,equal,higher,equal,higher,0,0,96,0,96,0,0,0,8,0,8,0,0,188,292
142,D2+D3+D4+D8,4,,,true,true,0.6276542467948717,0.02049946581196582,0.7027076655982905,0.4490351228632479,0.02049946581196582,0.5240885416666667,0.6432792467948717,0.02049946581196582,0.7183326655982905,0.19424412393162377,0.015625,0,0,0.1942441239316237,0.015625,equal,higher,equal,higher,0,0,96,0,96,0,0,0,8,0,8,0,0,200,280
143,D1+D2+D3+D4+D8,5,4,S1+S3+S5+S6,true,true,0.6276542467948717,0.02049946581196582,0.7027076655982905,0.4490351228632479,0.02049946581196582,0.5240885416666667,0.6432792467948717,0.02049946581196582,0.7183326655982905,0.19424412393162377,0.015625,0,0,0.1942441239316237,0.015625,equal,higher,equal,higher,0,0,96,0,96,0,0,0,8,0,8,0,0,200,280
144,D5+D8,2,,,true,false,0.6276542467948717,0.011718750000000005,0.6458834134615382,0.33667200854700874,0.0008680555555555559,0.3444845085470087,0.6477864583333334,0.011718750000000005,0.6660156250000001,0.31111444978632463,0.020132211538461675,0.01085069444444445,0,0.32153111645299143,0.020132211538461897,higher,higher,equal,higher,0,0,96,0,79,17,0,0,8,0,4,4,17,152,311
145,D1+D5+D8,3,,,true,false,0.6276542467948717,0.00217013888888889,0.6411091079059827,0.6199919871794878,0.0008680555555555559,0.6286725427350434,0.6942942040598291,0.00217013888888889,0.7077490651709403,0.07430221688034133,0.06663995726495742,0.001302083333333334,0,0.07907652243589691,0.06663995726495753,higher,higher,equal,higher,0,0,96,0,90,6,0,0,8,0,6,2,6,239,235
146,D2+D5+D8,3,,,true,false,0.6276542467948717,0.011718750000000005,0.6458834134615382,0.39835403311965806,0.0008680555555555559,0.40703458867521375,0.6497061965811968,0.011718750000000005,0.6679353632478634,0.2513521634615387,0.022051949786325076,0.01085069444444445,0,0.26090077457264965,0.022051949786325187,higher,higher,equal,higher,0,0,96,0,79,17,0,0,8,0,4,4,17,159,304
147,D1+D2+D5+D8,4,,,true,false,0.6276542467948717,0.00217013888888889,0.6411091079059827,0.6816740117521368,0.0008680555555555559,0.6912226228632479,0.6962139423076924,0.00217013888888889,0.7096688034188033,0.01453993055555558,0.0685596955128207,0.001302083333333334,0,0.01844618055555547,0.0685596955128206,higher,higher,equal,higher,6,48,42,0,90,6,0,4,4,0,6,2,6,365,109
148,D3+D5+D8,3,,,true,true,0.6276542467948717,0.009548611111111114,0.6324285523504272,0.3681390224358975,0,0.3681390224358975,0.652126736111111,0.009548611111111114,0.6569010416666666,0.2839877136752135,0.024472489316239354,0.009548611111111114,0,0.2887620192307691,0.024472489316239465,higher,higher,equal,higher,0,0,96,0,85,11,0,0,8,0,6,2,11,159,310
149,D1+D3+D5+D8,4,,,true,true,0.6276542467948717,0,0.6276542467948717,0.652327056623932,0,0.652327056623932,0.6995025373931624,0,0.6995025373931624,0.04717548076923039,0.07184829059829068,0,0,0.04717548076923039,0.07184829059829068,equal,higher,equal,higher,0,5,91,0,96,0,0,0,8,0,8,0,0,276,204
150,D2+D3+D5+D8,4,,,true,true,0.6276542467948717,0.009548611111111114,0.6324285523504272,0.4194043803418803,0,0.4194043803418803,0.6562166132478634,0.009548611111111114,0.660990918803419,0.23681223290598308,0.028562366452991705,0.009548611111111114,0,0.24158653846153866,0.028562366452991816,higher,higher,equal,higher,0,0,96,0,85,11,0,0,8,0,6,2,11,168,301
151,D1+D2+D3+D5+D8,5,,,true,true,0.6276542467948717,0,0.6276542467948717,0.7035924145299145,0,0.7035924145299145,0.7035924145299145,0,0.7035924145299145,0,0.0759381677350428,0,0,0,0.0759381677350428,equal,equal,equal,higher,0,96,0,0,96,0,0,8,0,0,8,0,0,480,0
152,D4+D5+D8,3,,,true,false,0.6276542467948717,0.00217013888888889,0.6411091079059827,0.6199919871794878,0.0008680555555555559,0.6286725427350434,0.6942942040598291,0.00217013888888889,0.7077490651709403,0.07430221688034133,0.06663995726495742,0.001302083333333334,0,0.07907652243589691,0.06663995726495753,higher,higher,equal,higher,0,0,96,0,90,6,0,0,8,0,6,2,6,239,235
153,D1+D4+D5+D8,4,,,true,false,0.6276542467948717,0.00217013888888889,0.6411091079059827,0.6199919871794878,0.0008680555555555559,0.6286725427350434,0.6942942040598291,0.00217013888888889,0.7077490651709403,0.07430221688034133,0.06663995726495742,0.001302083333333334,0,0.07907652243589691,0.06663995726495753,higher,higher,equal,higher,0,0,96,0,90,6,0,0,8,0,6,2,6,239,235
154,D2+D4+D5+D8,4,,,true,false,0.6276542467948717,0.00217013888888889,0.6411091079059827,0.6816740117521368,0.0008680555555555559,0.6912226228632479,0.6962139423076924,0.00217013888888889,0.7096688034188033,0.01453993055555558,0.0685596955128207,0.001302083333333334,0,0.01844618055555547,0.0685596955128206,higher,higher,equal,higher,6,48,42,0,90,6,0,4,4,0,6,2,6,365,109
155,D1+D2+D4+D5+D8,5,,,true,false,0.6276542467948717,0.00217013888888889,0.6411091079059827,0.6816740117521368,0.0008680555555555559,0.6912226228632479,0.6962139423076924,0.00217013888888889,0.7096688034188033,0.01453993055555558,0.0685596955128207,0.001302083333333334,0,0.01844618055555547,0.0685596955128206,higher,higher,equal,higher,6,48,42,0,90,6,0,4,4,0,6,2,6,365,109
156,D3+D4+D5+D8,4,,,true,true,0.6276542467948717,0,0.6276542467948717,0.652327056623932,0,0.652327056623932,0.6995025373931624,0,0.6995025373931624,0.04717548076923039,0.07184829059829068,0,0,0.04717548076923039,0.07184829059829068,equal,higher,equal,higher,0,5,91,0,96,0,0,0,8,0,8,0,0,276,204
157,D1+D3+D4+D5+D8,5,,,true,true,0.6276542467948717,0,0.6276542467948717,0.652327056623932,0,0.652327056623932,0.6995025373931624,0,0.6995025373931624,0.04717548076923039,0.07184829059829068,0,0,0.04717548076923039,0.07184829059829068,equal,higher,equal,higher,0,5,91,0,96,0,0,0,8,0,8,0,0,276,204
158,D2+D3+D4+D5+D8,5,,,true,true,0.6276542467948717,0,0.6276542467948717,0.7035924145299145,0,0.7035924145299145,0.7035924145299145,0,0.7035924145299145,0,0.0759381677350428,0,0,0,0.0759381677350428,equal,equal,equal,higher,0,96,0,0,96,0,0,8,0,0,8,0,0,480,0
159,D1+D2+D3+D4+D5+D8,6,,,true,true,0.6276542467948717,0,0.6276542467948717,0.7035924145299145,0,0.7035924145299145,0.7035924145299145,0,0.7035924145299145,0,0.0759381677350428,0,0,0,0.0759381677350428,equal,equal,equal,higher,0,96,0,0,96,0,0,8,0,0,8,0,0,480,0
160,D6+D8,2,2,S2+S6,true,false,0.6276542467948717,0.02266960470085472,0.7161625267094016,0.4270499465811964,0.000651041666666667,0.43356036324786307,0.6359007745726495,0.02266960470085472,0.7244090544871792,0.2088508279914531,0.00824652777777779,0.022018563034188053,0,0.2908486912393161,0.008246527777777568,higher,higher,equal,higher,0,0,96,0,48,48,0,0,8,0,1,7,48,139,293
161,D1+D6+D8,3,,,true,false,0.6276542467948717,0.02266960470085472,0.7161625267094016,0.4270499465811964,0.000651041666666667,0.43356036324786307,0.6359007745726495,0.02266960470085472,0.7244090544871792,0.2088508279914531,0.00824652777777779,0.022018563034188053,0,0.2908486912393161,0.008246527777777568,higher,higher,equal,higher,0,0,96,0,48,48,0,0,8,0,1,7,48,139,293
162,D2+D6+D8,3,3,S2+S3+S6,true,false,0.6276542467948717,0.02266960470085472,0.7161625267094016,0.4410723824786326,0.014272836538461542,0.5093315972222224,0.6359007745726495,0.02266960470085472,0.7244090544871792,0.19482839209401687,0.00824652777777779,0.00839676816239318,0,0.21507745726495675,0.008246527777777568,higher,higher,equal,higher,2,0,94,0,81,15,0,0,8,0,4,4,15,182,283
163,D1+D2+D6+D8,4,,,true,false,0.6276542467948717,0.02266960470085472,0.7161625267094016,0.4410723824786326,0.014272836538461542,0.5093315972222224,0.6359007745726495,0.02266960470085472,0.7244090544871792,0.19482839209401687,0.00824652777777779,0.00839676816239318,0,0.21507745726495675,0.008246527777777568,higher,higher,equal,higher,2,0,94,0,81,15,0,0,8,0,4,4,15,182,283
164,D3+D6+D8,3,3,S2+S5+S6,true,true,0.6276542467948717,0.02049946581196582,0.7027076655982905,0.399689503205128,0.02049946581196582,0.47282318376068383,0.6411091079059827,0.02049946581196582,0.7161625267094015,0.24141960470085472,0.01345486111111105,0,0,0.24333934294871767,0.01345486111111105,equal,higher,equal,higher,0,0,96,0,96,0,0,0,8,0,8,0,0,188,292
165,D1+D3+D6+D8,4,,,true,true,0.6276542467948717,0.02049946581196582,0.7027076655982905,0.399689503205128,0.02049946581196582,0.47282318376068383,0.6411091079059827,0.02049946581196582,0.7161625267094015,0.24141960470085472,0.01345486111111105,0,0,0.24333934294871767,0.01345486111111105,equal,higher,equal,higher,0,0,96,0,96,0,0,0,8,0,8,0,0,188,292
166,D2+D3+D6+D8,4,4,S2+S3+S5+S6,true,true,0.6276542467948717,0.02049946581196582,0.7027076655982905,0.4490351228632479,0.02049946581196582,0.5240885416666667,0.6432792467948717,0.02049946581196582,0.7183326655982905,0.19424412393162377,0.015625,0,0,0.1942441239316237,0.015625,equal,higher,equal,higher,0,0,96,0,96,0,0,0,8,0,8,0,0,200,280
167,D1+D2+D3+D6+D8,5,,,true,true,0.6276542467948717,0.02049946581196582,0.7027076655982905,0.4490351228632479,0.02049946581196582,0.5240885416666667,0.6432792467948717,0.02049946581196582,0.7183326655982905,0.19424412393162377,0.015625,0,0,0.1942441239316237,0.015625,equal,higher,equal,higher,0,0,96,0,96,0,0,0,8,0,8,0,0,200,280
168,D4+D6+D8,3,,,true,false,0.6276542467948717,0.02266960470085472,0.7161625267094016,0.4270499465811964,0.000651041666666667,0.43356036324786307,0.6359007745726495,0.02266960470085472,0.7244090544871792,0.2088508279914531,0.00824652777777779,0.022018563034188053,0,0.2908486912393161,0.008246527777777568,higher,higher,equal,higher,0,0,96,0,48,48,0,0,8,0,1,7,48,139,293
169,D1+D4+D6+D8,4,3,S1+S2+S6,true,false,0.6276542467948717,0.02266960470085472,0.7161625267094016,0.4270499465811964,0.000651041666666667,0.43356036324786307,0.6359007745726495,0.02266960470085472,0.7244090544871792,0.2088508279914531,0.00824652777777779,0.022018563034188053,0,0.2908486912393161,0.008246527777777568,higher,higher,equal,higher,0,0,96,0,48,48,0,0,8,0,1,7,48,139,293
170,D2+D4+D6+D8,4,,,true,false,0.6276542467948717,0.02266960470085472,0.7161625267094016,0.4410723824786326,0.014272836538461542,0.5093315972222224,0.6359007745726495,0.02266960470085472,0.7244090544871792,0.19482839209401687,0.00824652777777779,0.00839676816239318,0,0.21507745726495675,0.008246527777777568,higher,higher,equal,higher,2,0,94,0,81,15,0,0,8,0,4,4,15,182,283
171,D1+D2+D4+D6+D8,5,4,S1+S2+S3+S6,true,false,0.6276542467948717,0.02266960470085472,0.7161625267094016,0.4410723824786326,0.014272836538461542,0.5093315972222224,0.6359007745726495,0.02266960470085472,0.7244090544871792,0.19482839209401687,0.00824652777777779,0.00839676816239318,0,0.21507745726495675,0.008246527777777568,higher,higher,equal,higher,2,0,94,0,81,15,0,0,8,0,4,4,15,182,283
172,D3+D4+D6+D8,4,,,true,true,0.6276542467948717,0.02049946581196582,0.7027076655982905,0.399689503205128,0.02049946581196582,0.47282318376068383,0.6411091079059827,0.02049946581196582,0.7161625267094015,0.24141960470085472,0.01345486111111105,0,0,0.24333934294871767,0.01345486111111105,equal,higher,equal,higher,0,0,96,0,96,0,0,0,8,0,8,0,0,188,292
173,D1+D3+D4+D6+D8,5,4,S1+S2+S5+S6,true,true,0.6276542467948717,0.02049946581196582,0.7027076655982905,0.399689503205128,0.02049946581196582,0.47282318376068383,0.6411091079059827,0.02049946581196582,0.7161625267094015,0.24141960470085472,0.01345486111111105,0,0,0.24333934294871767,0.01345486111111105,equal,higher,equal,higher,0,0,96,0,96,0,0,0,8,0,8,0,0,188,292
174,D2+D3+D4+D6+D8,5,,,true,true,0.6276542467948717,0.02049946581196582,0.7027076655982905,0.4490351228632479,0.02049946581196582,0.5240885416666667,0.6432792467948717,0.02049946581196582,0.7183326655982905,0.19424412393162377,0.015625,0,0,0.1942441239316237,0.015625,equal,higher,equal,higher,0,0,96,0,96,0,0,0,8,0,8,0,0,200,280
175,D1+D2+D3+D4+D6+D8,6,5,S1+S2+S3+S5+S6,true,true,0.6276542467948717,0.02049946581196582,0.7027076655982905,0.4490351228632479,0.02049946581196582,0.5240885416666667,0.6432792467948717,0.02049946581196582,0.7183326655982905,0.19424412393162377,0.015625,0,0,0.1942441239316237,0.015625,equal,higher,equal,higher,0,0,96,0,96,0,0,0,8,0,8,0,0,200,280
176,D5+D6+D8,3,,,true,false,0.6276542467948717,0.00217013888888889,0.6411091079059827,0.6199919871794878,0.0008680555555555559,0.6286725427350434,0.6942942040598291,0.00217013888888889,0.7077490651709403,0.07430221688034133,0.06663995726495742,0.001302083333333334,0,0.07907652243589691,0.06663995726495753,higher,higher,equal,higher,0,0,96,0,90,6,0,0,8,0,6,2,6,239,235
177,D1+D5+D6+D8,4,,,true,false,0.6276542467948717,0.00217013888888889,0.6411091079059827,0.6199919871794878,0.0008680555555555559,0.6286725427350434,0.6942942040598291,0.00217013888888889,0.7077490651709403,0.07430221688034133,0.06663995726495742,0.001302083333333334,0,0.07907652243589691,0.06663995726495753,higher,higher,equal,higher,0,0,96,0,90,6,0,0,8,0,6,2,6,239,235
178,D2+D5+D6+D8,4,,,true,false,0.6276542467948717,0.00217013888888889,0.6411091079059827,0.6816740117521368,0.0008680555555555559,0.6912226228632479,0.6962139423076924,0.00217013888888889,0.7096688034188033,0.01453993055555558,0.0685596955128207,0.001302083333333334,0,0.01844618055555547,0.0685596955128206,higher,higher,equal,higher,6,48,42,0,90,6,0,4,4,0,6,2,6,365,109
179,D1+D2+D5+D6+D8,5,,,true,false,0.6276542467948717,0.00217013888888889,0.6411091079059827,0.6816740117521368,0.0008680555555555559,0.6912226228632479,0.6962139423076924,0.00217013888888889,0.7096688034188033,0.01453993055555558,0.0685596955128207,0.001302083333333334,0,0.01844618055555547,0.0685596955128206,higher,higher,equal,higher,6,48,42,0,90,6,0,4,4,0,6,2,6,365,109
180,D3+D5+D6+D8,4,,,true,true,0.6276542467948717,0,0.6276542467948717,0.652327056623932,0,0.652327056623932,0.6995025373931624,0,0.6995025373931624,0.04717548076923039,0.07184829059829068,0,0,0.04717548076923039,0.07184829059829068,equal,higher,equal,higher,0,5,91,0,96,0,0,0,8,0,8,0,0,276,204
181,D1+D3+D5+D6+D8,5,,,true,true,0.6276542467948717,0,0.6276542467948717,0.652327056623932,0,0.652327056623932,0.6995025373931624,0,0.6995025373931624,0.04717548076923039,0.07184829059829068,0,0,0.04717548076923039,0.07184829059829068,equal,higher,equal,higher,0,5,91,0,96,0,0,0,8,0,8,0,0,276,204
182,D2+D3+D5+D6+D8,5,,,true,true,0.6276542467948717,0,0.6276542467948717,0.7035924145299145,0,0.7035924145299145,0.7035924145299145,0,0.7035924145299145,0,0.0759381677350428,0,0,0,0.0759381677350428,equal,equal,equal,higher,0,96,0,0,96,0,0,8,0,0,8,0,0,480,0
183,D1+D2+D3+D5+D6+D8,6,,,true,true,0.6276542467948717,0,0.6276542467948717,0.7035924145299145,0,0.7035924145299145,0.7035924145299145,0,0.7035924145299145,0,0.0759381677350428,0,0,0,0.0759381677350428,equal,equal,equal,higher,0,96,0,0,96,0,0,8,0,0,8,0,0,480,0
184,D4+D5+D6+D8,4,,,true,false,0.6276542467948717,0.00217013888888889,0.6411091079059827,0.6199919871794878,0.0008680555555555559,0.6286725427350434,0.6942942040598291,0.00217013888888889,0.7077490651709403,0.07430221688034133,0.06663995726495742,0.001302083333333334,0,0.07907652243589691,0.06663995726495753,higher,higher,equal,higher,0,0,96,0,90,6,0,0,8,0,6,2,6,239,235
185,D1+D4+D5+D6+D8,5,,,true,false,0.6276542467948717,0.00217013888888889,0.6411091079059827,0.6199919871794878,0.0008680555555555559,0.6286725427350434,0.6942942040598291,0.00217013888888889,0.7077490651709403,0.07430221688034133,0.06663995726495742,0.001302083333333334,0,0.07907652243589691,0.06663995726495753,higher,higher,equal,higher,0,0,96,0,90,6,0,0,8,0,6,2,6,239,235
186,D2+D4+D5+D6+D8,5,,,true,false,0.6276542467948717,0.00217013888888889,0.6411091079059827,0.6816740117521368,0.0008680555555555559,0.6912226228632479,0.6962139423076924,0.00217013888888889,0.7096688034188033,0.01453993055555558,0.0685596955128207,0.001302083333333334,0,0.01844618055555547,0.0685596955128206,higher,higher,equal,higher,6,48,42,0,90,6,0,4,4,0,6,2,6,365,109
187,D1+D2+D4+D5+D6+D8,6,,,true,false,0.6276542467948717,0.00217013888888889,0.6411091079059827,0.6816740117521368,0.0008680555555555559,0.6912226228632479,0.6962139423076924,0.00217013888888889,0.7096688034188033,0.01453993055555558,0.0685596955128207,0.001302083333333334,0,0.01844618055555547,0.0685596955128206,higher,higher,equal,higher,6,48,42,0,90,6,0,4,4,0,6,2,6,365,109
188,D3+D4+D5+D6+D8,5,,,true,true,0.6276542467948717,0,0.6276542467948717,0.652327056623932,0,0.652327056623932,0.6995025373931624,0,0.6995025373931624,0.04717548076923039,0.07184829059829068,0,0,0.04717548076923039,0.07184829059829068,equal,higher,equal,higher,0,5,91,0,96,0,0,0,8,0,8,0,0,276,204
189,D1+D3+D4+D5+D6+D8,6,,,true,true,0.6276542467948717,0,0.6276542467948717,0.652327056623932,0,0.652327056623932,0.6995025373931624,0,0.6995025373931624,0.04717548076923039,0.07184829059829068,0,0,0.04717548076923039,0.07184829059829068,equal,higher,equal,higher,0,5,91,0,96,0,0,0,8,0,8,0,0,276,204
190,D2+D3+D4+D5+D6+D8,6,,,true,true,0.6276542467948717,0,0.6276542467948717,0.7035924145299145,0,0.7035924145299145,0.7035924145299145,0,0.7035924145299145,0,0.0759381677350428,0,0,0,0.0759381677350428,equal,equal,equal,higher,0,96,0,0,96,0,0,8,0,0,8,0,0,480,0
191,D1+D2+D3+D4+D5+D6+D8,7,,,true,true,0.6276542467948717,0,0.6276542467948717,0.7035924145299145,0,0.7035924145299145,0.7035924145299145,0,0.7035924145299145,0,0.0759381677350428,0,0,0,0.0759381677350428,equal,equal,equal,higher,0,96,0,0,96,0,0,8,0,0,8,0,0,480,0
192,D7+D8,2,,,true,false,0.6276542467948717,0.011718750000000005,0.6458834134615382,0.33667200854700874,0.0008680555555555559,0.3444845085470087,0.6477864583333334,0.011718750000000005,0.6660156250000001,0.31111444978632463,0.020132211538461675,0.01085069444444445,0,0.32153111645299143,0.020132211538461897,higher,higher,equal,higher,0,0,96,0,79,17,0,0,8,0,4,4,17,152,311
193,D1+D7+D8,3,,,true,false,0.6276542467948717,0.00217013888888889,0.6411091079059827,0.6199919871794878,0.0008680555555555559,0.6286725427350434,0.6942942040598291,0.00217013888888889,0.7077490651709403,0.07430221688034133,0.06663995726495742,0.001302083333333334,0,0.07907652243589691,0.06663995726495753,higher,higher,equal,higher,0,0,96,0,90,6,0,0,8,0,6,2,6,239,235
194,D2+D7+D8,3,,,true,false,0.6276542467948717,0.011718750000000005,0.6458834134615382,0.39835403311965806,0.0008680555555555559,0.40703458867521375,0.6497061965811968,0.011718750000000005,0.6679353632478634,0.2513521634615387,0.022051949786325076,0.01085069444444445,0,0.26090077457264965,0.022051949786325187,higher,higher,equal,higher,0,0,96,0,79,17,0,0,8,0,4,4,17,159,304
195,D1+D2+D7+D8,4,,,true,false,0.6276542467948717,0.00217013888888889,0.6411091079059827,0.6816740117521368,0.0008680555555555559,0.6912226228632479,0.6962139423076924,0.00217013888888889,0.7096688034188033,0.01453993055555558,0.0685596955128207,0.001302083333333334,0,0.01844618055555547,0.0685596955128206,higher,higher,equal,higher,6,48,42,0,90,6,0,4,4,0,6,2,6,365,109
196,D3+D7+D8,3,,,true,true,0.6276542467948717,0.009548611111111114,0.6324285523504272,0.3681390224358975,0,0.3681390224358975,0.652126736111111,0.009548611111111114,0.6569010416666666,0.2839877136752135,0.024472489316239354,0.009548611111111114,0,0.2887620192307691,0.024472489316239465,higher,higher,equal,higher,0,0,96,0,85,11,0,0,8,0,6,2,11,159,310
197,D1+D3+D7+D8,4,,,true,true,0.6276542467948717,0,0.6276542467948717,0.652327056623932,0,0.652327056623932,0.6995025373931624,0,0.6995025373931624,0.04717548076923039,0.07184829059829068,0,0,0.04717548076923039,0.07184829059829068,equal,higher,equal,higher,0,5,91,0,96,0,0,0,8,0,8,0,0,276,204
198,D2+D3+D7+D8,4,,,true,true,0.6276542467948717,0.009548611111111114,0.6324285523504272,0.4194043803418803,0,0.4194043803418803,0.6562166132478634,0.009548611111111114,0.660990918803419,0.23681223290598308,0.028562366452991705,0.009548611111111114,0,0.24158653846153866,0.028562366452991816,higher,higher,equal,higher,0,0,96,0,85,11,0,0,8,0,6,2,11,168,301
199,D1+D2+D3+D7+D8,5,,,true,true,0.6276542467948717,0,0.6276542467948717,0.7035924145299145,0,0.7035924145299145,0.7035924145299145,0,0.7035924145299145,0,0.0759381677350428,0,0,0,0.0759381677350428,equal,equal,equal,higher,0,96,0,0,96,0,0,8,0,0,8,0,0,480,0
200,D4+D7+D8,3,,,true,false,0.6276542467948717,0.00217013888888889,0.6411091079059827,0.6199919871794878,0.0008680555555555559,0.6286725427350434,0.6942942040598291,0.00217013888888889,0.7077490651709403,0.07430221688034133,0.06663995726495742,0.001302083333333334,0,0.07907652243589691,0.06663995726495753,higher,higher,equal,higher,0,0,96,0,90,6,0,0,8,0,6,2,6,239,235
201,D1+D4+D7+D8,4,,,true,false,0.6276542467948717,0.00217013888888889,0.6411091079059827,0.6199919871794878,0.0008680555555555559,0.6286725427350434,0.6942942040598291,0.00217013888888889,0.7077490651709403,0.07430221688034133,0.06663995726495742,0.001302083333333334,0,0.07907652243589691,0.06663995726495753,higher,higher,equal,higher,0,0,96,0,90,6,0,0,8,0,6,2,6,239,235
202,D2+D4+D7+D8,4,,,true,false,0.6276542467948717,0.00217013888888889,0.6411091079059827,0.6816740117521368,0.0008680555555555559,0.6912226228632479,0.6962139423076924,0.00217013888888889,0.7096688034188033,0.01453993055555558,0.0685596955128207,0.001302083333333334,0,0.01844618055555547,0.0685596955128206,higher,higher,equal,higher,6,48,42,0,90,6,0,4,4,0,6,2,6,365,109
203,D1+D2+D4+D7+D8,5,,,true,false,0.6276542467948717,0.00217013888888889,0.6411091079059827,0.6816740117521368,0.0008680555555555559,0.6912226228632479,0.6962139423076924,0.00217013888888889,0.7096688034188033,0.01453993055555558,0.0685596955128207,0.001302083333333334,0,0.01844618055555547,0.0685596955128206,higher,higher,equal,higher,6,48,42,0,90,6,0,4,4,0,6,2,6,365,109
204,D3+D4+D7+D8,4,,,true,true,0.6276542467948717,0,0.6276542467948717,0.652327056623932,0,0.652327056623932,0.6995025373931624,0,0.6995025373931624,0.04717548076923039,0.07184829059829068,0,0,0.04717548076923039,0.07184829059829068,equal,higher,equal,higher,0,5,91,0,96,0,0,0,8,0,8,0,0,276,204
205,D1+D3+D4+D7+D8,5,,,true,true,0.6276542467948717,0,0.6276542467948717,0.652327056623932,0,0.652327056623932,0.6995025373931624,0,0.6995025373931624,0.04717548076923039,0.07184829059829068,0,0,0.04717548076923039,0.07184829059829068,equal,higher,equal,higher,0,5,91,0,96,0,0,0,8,0,8,0,0,276,204
206,D2+D3+D4+D7+D8,5,,,true,true,0.6276542467948717,0,0.6276542467948717,0.7035924145299145,0,0.7035924145299145,0.7035924145299145,0,0.7035924145299145,0,0.0759381677350428,0,0,0,0.0759381677350428,equal,equal,equal,higher,0,96,0,0,96,0,0,8,0,0,8,0,0,480,0
207,D1+D2+D3+D4+D7+D8,6,,,true,true,0.6276542467948717,0,0.6276542467948717,0.7035924145299145,0,0.7035924145299145,0.7035924145299145,0,0.7035924145299145,0,0.0759381677350428,0,0,0,0.0759381677350428,equal,equal,equal,higher,0,96,0,0,96,0,0,8,0,0,8,0,0,480,0
208,D5+D7+D8,3,2,S4+S6,true,false,0.6276542467948717,0.011718750000000005,0.6458834134615382,0.33667200854700874,0.0008680555555555559,0.3444845085470087,0.6477864583333334,0.011718750000000005,0.6660156250000001,0.31111444978632463,0.020132211538461675,0.01085069444444445,0,0.32153111645299143,0.020132211538461897,higher,higher,equal,higher,0,0,96,0,79,17,0,0,8,0,4,4,17,152,311
209,D1+D5+D7+D8,4,,,true,false,0.6276542467948717,0.00217013888888889,0.6411091079059827,0.6199919871794878,0.0008680555555555559,0.6286725427350434,0.6942942040598291,0.00217013888888889,0.7077490651709403,0.07430221688034133,0.06663995726495742,0.001302083333333334,0,0.07907652243589691,0.06663995726495753,higher,higher,equal,higher,0,0,96,0,90,6,0,0,8,0,6,2,6,239,235
210,D2+D5+D7+D8,4,3,S3+S4+S6,true,false,0.6276542467948717,0.011718750000000005,0.6458834134615382,0.39835403311965806,0.0008680555555555559,0.40703458867521375,0.6497061965811968,0.011718750000000005,0.6679353632478634,0.2513521634615387,0.022051949786325076,0.01085069444444445,0,0.26090077457264965,0.022051949786325187,higher,higher,equal,higher,0,0,96,0,79,17,0,0,8,0,4,4,17,159,304
211,D1+D2+D5+D7+D8,5,,,true,false,0.6276542467948717,0.00217013888888889,0.6411091079059827,0.6816740117521368,0.0008680555555555559,0.6912226228632479,0.6962139423076924,0.00217013888888889,0.7096688034188033,0.01453993055555558,0.0685596955128207,0.001302083333333334,0,0.01844618055555547,0.0685596955128206,higher,higher,equal,higher,6,48,42,0,90,6,0,4,4,0,6,2,6,365,109
212,D3+D5+D7+D8,4,3,S4+S5+S6,true,true,0.6276542467948717,0.009548611111111114,0.6324285523504272,0.3681390224358975,0,0.3681390224358975,0.652126736111111,0.009548611111111114,0.6569010416666666,0.2839877136752135,0.024472489316239354,0.009548611111111114,0,0.2887620192307691,0.024472489316239465,higher,higher,equal,higher,0,0,96,0,85,11,0,0,8,0,6,2,11,159,310
213,D1+D3+D5+D7+D8,5,,,true,true,0.6276542467948717,0,0.6276542467948717,0.652327056623932,0,0.652327056623932,0.6995025373931624,0,0.6995025373931624,0.04717548076923039,0.07184829059829068,0,0,0.04717548076923039,0.07184829059829068,equal,higher,equal,higher,0,5,91,0,96,0,0,0,8,0,8,0,0,276,204
214,D2+D3+D5+D7+D8,5,4,S3+S4+S5+S6,true,true,0.6276542467948717,0.009548611111111114,0.6324285523504272,0.4194043803418803,0,0.4194043803418803,0.6562166132478634,0.009548611111111114,0.660990918803419,0.23681223290598308,0.028562366452991705,0.009548611111111114,0,0.24158653846153866,0.028562366452991816,higher,higher,equal,higher,0,0,96,0,85,11,0,0,8,0,6,2,11,168,301
215,D1+D2+D3+D5+D7+D8,6,,,true,true,0.6276542467948717,0,0.6276542467948717,0.7035924145299145,0,0.7035924145299145,0.7035924145299145,0,0.7035924145299145,0,0.0759381677350428,0,0,0,0.0759381677350428,equal,equal,equal,higher,0,96,0,0,96,0,0,8,0,0,8,0,0,480,0
216,D4+D5+D7+D8,4,,,true,false,0.6276542467948717,0.00217013888888889,0.6411091079059827,0.6199919871794878,0.0008680555555555559,0.6286725427350434,0.6942942040598291,0.00217013888888889,0.7077490651709403,0.07430221688034133,0.06663995726495742,0.001302083333333334,0,0.07907652243589691,0.06663995726495753,higher,higher,equal,higher,0,0,96,0,90,6,0,0,8,0,6,2,6,239,235
217,D1+D4+D5+D7+D8,5,3,S1+S4+S6,true,false,0.6276542467948717,0.00217013888888889,0.6411091079059827,0.6199919871794878,0.0008680555555555559,0.6286725427350434,0.6942942040598291,0.00217013888888889,0.7077490651709403,0.07430221688034133,0.06663995726495742,0.001302083333333334,0,0.07907652243589691,0.06663995726495753,higher,higher,equal,higher,0,0,96,0,90,6,0,0,8,0,6,2,6,239,235
218,D2+D4+D5+D7+D8,5,,,true,false,0.6276542467948717,0.00217013888888889,0.6411091079059827,0.6816740117521368,0.0008680555555555559,0.6912226228632479,0.6962139423076924,0.00217013888888889,0.7096688034188033,0.01453993055555558,0.0685596955128207,0.001302083333333334,0,0.01844618055555547,0.0685596955128206,higher,higher,equal,higher,6,48,42,0,90,6,0,4,4,0,6,2,6,365,109
219,D1+D2+D4+D5+D7+D8,6,4,S1+S3+S4+S6,true,false,0.6276542467948717,0.00217013888888889,0.6411091079059827,0.6816740117521368,0.0008680555555555559,0.6912226228632479,0.6962139423076924,0.00217013888888889,0.7096688034188033,0.01453993055555558,0.0685596955128207,0.001302083333333334,0,0.01844618055555547,0.0685596955128206,higher,higher,equal,higher,6,48,42,0,90,6,0,4,4,0,6,2,6,365,109
220,D3+D4+D5+D7+D8,5,,,true,true,0.6276542467948717,0,0.6276542467948717,0.652327056623932,0,0.652327056623932,0.6995025373931624,0,0.6995025373931624,0.04717548076923039,0.07184829059829068,0,0,0.04717548076923039,0.07184829059829068,equal,higher,equal,higher,0,5,91,0,96,0,0,0,8,0,8,0,0,276,204
221,D1+D3+D4+D5+D7+D8,6,4,S1+S4+S5+S6,true,true,0.6276542467948717,0,0.6276542467948717,0.652327056623932,0,0.652327056623932,0.6995025373931624,0,0.6995025373931624,0.04717548076923039,0.07184829059829068,0,0,0.04717548076923039,0.07184829059829068,equal,higher,equal,higher,0,5,91,0,96,0,0,0,8,0,8,0,0,276,204
222,D2+D3+D4+D5+D7+D8,6,,,true,true,0.6276542467948717,0,0.6276542467948717,0.7035924145299145,0,0.7035924145299145,0.7035924145299145,0,0.7035924145299145,0,0.0759381677350428,0,0,0,0.0759381677350428,equal,equal,equal,higher,0,96,0,0,96,0,0,8,0,0,8,0,0,480,0
223,D1+D2+D3+D4+D5+D7+D8,7,5,S1+S3+S4+S5+S6,true,true,0.6276542467948717,0,0.6276542467948717,0.7035924145299145,0,0.7035924145299145,0.7035924145299145,0,0.7035924145299145,0,0.0759381677350428,0,0,0,0.0759381677350428,equal,equal,equal,higher,0,96,0,0,96,0,0,8,0,0,8,0,0,480,0
224,D6+D7+D8,3,,,true,false,0.6276542467948717,0.00217013888888889,0.6411091079059827,0.6199919871794878,0.0008680555555555559,0.6286725427350434,0.6942942040598291,0.00217013888888889,0.7077490651709403,0.07430221688034133,0.06663995726495742,0.001302083333333334,0,0.07907652243589691,0.06663995726495753,higher,higher,equal,higher,0,0,96,0,90,6,0,0,8,0,6,2,6,239,235
225,D1+D6+D7+D8,4,,,true,false,0.6276542467948717,0.00217013888888889,0.6411091079059827,0.6199919871794878,0.0008680555555555559,0.6286725427350434,0.6942942040598291,0.00217013888888889,0.7077490651709403,0.07430221688034133,0.06663995726495742,0.001302083333333334,0,0.07907652243589691,0.06663995726495753,higher,higher,equal,higher,0,0,96,0,90,6,0,0,8,0,6,2,6,239,235
226,D2+D6+D7+D8,4,,,true,false,0.6276542467948717,0.00217013888888889,0.6411091079059827,0.6816740117521368,0.0008680555555555559,0.6912226228632479,0.6962139423076924,0.00217013888888889,0.7096688034188033,0.01453993055555558,0.0685596955128207,0.001302083333333334,0,0.01844618055555547,0.0685596955128206,higher,higher,equal,higher,6,48,42,0,90,6,0,4,4,0,6,2,6,365,109
227,D1+D2+D6+D7+D8,5,,,true,false,0.6276542467948717,0.00217013888888889,0.6411091079059827,0.6816740117521368,0.0008680555555555559,0.6912226228632479,0.6962139423076924,0.00217013888888889,0.7096688034188033,0.01453993055555558,0.0685596955128207,0.001302083333333334,0,0.01844618055555547,0.0685596955128206,higher,higher,equal,higher,6,48,42,0,90,6,0,4,4,0,6,2,6,365,109
228,D3+D6+D7+D8,4,,,true,true,0.6276542467948717,0,0.6276542467948717,0.652327056623932,0,0.652327056623932,0.6995025373931624,0,0.6995025373931624,0.04717548076923039,0.07184829059829068,0,0,0.04717548076923039,0.07184829059829068,equal,higher,equal,higher,0,5,91,0,96,0,0,0,8,0,8,0,0,276,204
229,D1+D3+D6+D7+D8,5,,,true,true,0.6276542467948717,0,0.6276542467948717,0.652327056623932,0,0.652327056623932,0.6995025373931624,0,0.6995025373931624,0.04717548076923039,0.07184829059829068,0,0,0.04717548076923039,0.07184829059829068,equal,higher,equal,higher,0,5,91,0,96,0,0,0,8,0,8,0,0,276,204
230,D2+D3+D6+D7+D8,5,,,true,true,0.6276542467948717,0,0.6276542467948717,0.7035924145299145,0,0.7035924145299145,0.7035924145299145,0,0.7035924145299145,0,0.0759381677350428,0,0,0,0.0759381677350428,equal,equal,equal,higher,0,96,0,0,96,0,0,8,0,0,8,0,0,480,0
231,D1+D2+D3+D6+D7+D8,6,,,true,true,0.6276542467948717,0,0.6276542467948717,0.7035924145299145,0,0.7035924145299145,0.7035924145299145,0,0.7035924145299145,0,0.0759381677350428,0,0,0,0.0759381677350428,equal,equal,equal,higher,0,96,0,0,96,0,0,8,0,0,8,0,0,480,0
232,D4+D6+D7+D8,4,,,true,false,0.6276542467948717,0.00217013888888889,0.6411091079059827,0.6199919871794878,0.0008680555555555559,0.6286725427350434,0.6942942040598291,0.00217013888888889,0.7077490651709403,0.07430221688034133,0.06663995726495742,0.001302083333333334,0,0.07907652243589691,0.06663995726495753,higher,higher,equal,higher,0,0,96,0,90,6,0,0,8,0,6,2,6,239,235
233,D1+D4+D6+D7+D8,5,,,true,false,0.6276542467948717,0.00217013888888889,0.6411091079059827,0.6199919871794878,0.0008680555555555559,0.6286725427350434,0.6942942040598291,0.00217013888888889,0.7077490651709403,0.07430221688034133,0.06663995726495742,0.001302083333333334,0,0.07907652243589691,0.06663995726495753,higher,higher,equal,higher,0,0,96,0,90,6,0,0,8,0,6,2,6,239,235
234,D2+D4+D6+D7+D8,5,,,true,false,0.6276542467948717,0.00217013888888889,0.6411091079059827,0.6816740117521368,0.0008680555555555559,0.6912226228632479,0.6962139423076924,0.00217013888888889,0.7096688034188033,0.01453993055555558,0.0685596955128207,0.001302083333333334,0,0.01844618055555547,0.0685596955128206,higher,higher,equal,higher,6,48,42,0,90,6,0,4,4,0,6,2,6,365,109
235,D1+D2+D4+D6+D7+D8,6,,,true,false,0.6276542467948717,0.00217013888888889,0.6411091079059827,0.6816740117521368,0.0008680555555555559,0.6912226228632479,0.6962139423076924,0.00217013888888889,0.7096688034188033,0.01453993055555558,0.0685596955128207,0.001302083333333334,0,0.01844618055555547,0.0685596955128206,higher,higher,equal,higher,6,48,42,0,90,6,0,4,4,0,6,2,6,365,109
236,D3+D4+D6+D7+D8,5,,,true,true,0.6276542467948717,0,0.6276542467948717,0.652327056623932,0,0.652327056623932,0.6995025373931624,0,0.6995025373931624,0.04717548076923039,0.07184829059829068,0,0,0.04717548076923039,0.07184829059829068,equal,higher,equal,higher,0,5,91,0,96,0,0,0,8,0,8,0,0,276,204
237,D1+D3+D4+D6+D7+D8,6,,,true,true,0.6276542467948717,0,0.6276542467948717,0.652327056623932,0,0.652327056623932,0.6995025373931624,0,0.6995025373931624,0.04717548076923039,0.07184829059829068,0,0,0.04717548076923039,0.07184829059829068,equal,higher,equal,higher,0,5,91,0,96,0,0,0,8,0,8,0,0,276,204
238,D2+D3+D4+D6+D7+D8,6,,,true,true,0.6276542467948717,0,0.6276542467948717,0.7035924145299145,0,0.7035924145299145,0.7035924145299145,0,0.7035924145299145,0,0.0759381677350428,0,0,0,0.0759381677350428,equal,equal,equal,higher,0,96,0,0,96,0,0,8,0,0,8,0,0,480,0
239,D1+D2+D3+D4+D6+D7+D8,7,,,true,true,0.6276542467948717,0,0.6276542467948717,0.7035924145299145,0,0.7035924145299145,0.7035924145299145,0,0.7035924145299145,0,0.0759381677350428,0,0,0,0.0759381677350428,equal,equal,equal,higher,0,96,0,0,96,0,0,8,0,0,8,0,0,480,0
240,D5+D6+D7+D8,4,3,S2+S4+S6,true,false,0.6276542467948717,0.00217013888888889,0.6411091079059827,0.6199919871794878,0.0008680555555555559,0.6286725427350434,0.6942942040598291,0.00217013888888889,0.7077490651709403,0.07430221688034133,0.06663995726495742,0.001302083333333334,0,0.07907652243589691,0.06663995726495753,higher,higher,equal,higher,0,0,96,0,90,6,0,0,8,0,6,2,6,239,235
241,D1+D5+D6+D7+D8,5,,,true,false,0.6276542467948717,0.00217013888888889,0.6411091079059827,0.6199919871794878,0.0008680555555555559,0.6286725427350434,0.6942942040598291,0.00217013888888889,0.7077490651709403,0.07430221688034133,0.06663995726495742,0.001302083333333334,0,0.07907652243589691,0.06663995726495753,higher,higher,equal,higher,0,0,96,0,90,6,0,0,8,0,6,2,6,239,235
242,D2+D5+D6+D7+D8,5,4,S2+S3+S4+S6,true,false,0.6276542467948717,0.00217013888888889,0.6411091079059827,0.6816740117521368,0.0008680555555555559,0.6912226228632479,0.6962139423076924,0.00217013888888889,0.7096688034188033,0.01453993055555558,0.0685596955128207,0.001302083333333334,0,0.01844618055555547,0.0685596955128206,higher,higher,equal,higher,6,48,42,0,90,6,0,4,4,0,6,2,6,365,109
243,D1+D2+D5+D6+D7+D8,6,,,true,false,0.6276542467948717,0.00217013888888889,0.6411091079059827,0.6816740117521368,0.0008680555555555559,0.6912226228632479,0.6962139423076924,0.00217013888888889,0.7096688034188033,0.01453993055555558,0.0685596955128207,0.001302083333333334,0,0.01844618055555547,0.0685596955128206,higher,higher,equal,higher,6,48,42,0,90,6,0,4,4,0,6,2,6,365,109
244,D3+D5+D6+D7+D8,5,4,S2+S4+S5+S6,true,true,0.6276542467948717,0,0.6276542467948717,0.652327056623932,0,0.652327056623932,0.6995025373931624,0,0.6995025373931624,0.04717548076923039,0.07184829059829068,0,0,0.04717548076923039,0.07184829059829068,equal,higher,equal,higher,0,5,91,0,96,0,0,0,8,0,8,0,0,276,204
245,D1+D3+D5+D6+D7+D8,6,,,true,true,0.6276542467948717,0,0.6276542467948717,0.652327056623932,0,0.652327056623932,0.6995025373931624,0,0.6995025373931624,0.04717548076923039,0.07184829059829068,0,0,0.04717548076923039,0.07184829059829068,equal,higher,equal,higher,0,5,91,0,96,0,0,0,8,0,8,0,0,276,204
246,D2+D3+D5+D6+D7+D8,6,5,S2+S3+S4+S5+S6,true,true,0.6276542467948717,0,0.6276542467948717,0.7035924145299145,0,0.7035924145299145,0.7035924145299145,0,0.7035924145299145,0,0.0759381677350428,0,0,0,0.0759381677350428,equal,equal,equal,higher,0,96,0,0,96,0,0,8,0,0,8,0,0,480,0
247,D1+D2+D3+D5+D6+D7+D8,7,,,true,true,0.6276542467948717,0,0.6276542467948717,0.7035924145299145,0,0.7035924145299145,0.7035924145299145,0,0.7035924145299145,0,0.0759381677350428,0,0,0,0.0759381677350428,equal,equal,equal,higher,0,96,0,0,96,0,0,8,0,0,8,0,0,480,0
248,D4+D5+D6+D7+D8,5,,,true,false,0.6276542467948717,0.00217013888888889,0.6411091079059827,0.6199919871794878,0.0008680555555555559,0.6286725427350434,0.6942942040598291,0.00217013888888889,0.7077490651709403,0.07430221688034133,0.06663995726495742,0.001302083333333334,0,0.07907652243589691,0.06663995726495753,higher,higher,equal,higher,0,0,96,0,90,6,0,0,8,0,6,2,6,239,235
249,D1+D4+D5+D6+D7+D8,6,4,S1+S2+S4+S6,true,false,0.6276542467948717,0.00217013888888889,0.6411091079059827,0.6199919871794878,0.0008680555555555559,0.6286725427350434,0.6942942040598291,0.00217013888888889,0.7077490651709403,0.07430221688034133,0.06663995726495742,0.001302083333333334,0,0.07907652243589691,0.06663995726495753,higher,higher,equal,higher,0,0,96,0,90,6,0,0,8,0,6,2,6,239,235
250,D2+D4+D5+D6+D7+D8,6,,,true,false,0.6276542467948717,0.00217013888888889,0.6411091079059827,0.6816740117521368,0.0008680555555555559,0.6912226228632479,0.6962139423076924,0.00217013888888889,0.7096688034188033,0.01453993055555558,0.0685596955128207,0.001302083333333334,0,0.01844618055555547,0.0685596955128206,higher,higher,equal,higher,6,48,42,0,90,6,0,4,4,0,6,2,6,365,109
251,D1+D2+D4+D5+D6+D7+D8,7,5,S1+S2+S3+S4+S6,true,false,0.6276542467948717,0.00217013888888889,0.6411091079059827,0.6816740117521368,0.0008680555555555559,0.6912226228632479,0.6962139423076924,0.00217013888888889,0.7096688034188033,0.01453993055555558,0.0685596955128207,0.001302083333333334,0,0.01844618055555547,0.0685596955128206,higher,higher,equal,higher,6,48,42,0,90,6,0,4,4,0,6,2,6,365,109
252,D3+D4+D5+D6+D7+D8,6,,,true,true,0.6276542467948717,0,0.6276542467948717,0.652327056623932,0,0.652327056623932,0.6995025373931624,0,0.6995025373931624,0.04717548076923039,0.07184829059829068,0,0,0.04717548076923039,0.07184829059829068,equal,higher,equal,higher,0,5,91,0,96,0,0,0,8,0,8,0,0,276,204
253,D1+D3+D4+D5+D6+D7+D8,7,5,S1+S2+S4+S5+S6,true,true,0.6276542467948717,0,0.6276542467948717,0.652327056623932,0,0.652327056623932,0.6995025373931624,0,0.6995025373931624,0.04717548076923039,0.07184829059829068,0,0,0.04717548076923039,0.07184829059829068,equal,higher,equal,higher,0,5,91,0,96,0,0,0,8,0,8,0,0,276,204
254,D2+D3+D4+D5+D6+D7+D8,7,,,true,true,0.6276542467948717,0,0.6276542467948717,0.7035924145299145,0,0.7035924145299145,0.7035924145299145,0,0.7035924145299145,0,0.0759381677350428,0,0,0,0.0759381677350428,equal,equal,equal,higher,0,96,0,0,96,0,0,8,0,0,8,0,0,480,0
255,D1+D2+D3+D4+D5+D6+D7+D8,8,6,S1+S2+S3+S4+S5+S6,true,true,0.6276542467948717,0,0.6276542467948717,0.7035924145299145,0,0.7035924145299145,0.7035924145299145,0,0.7035924145299145,0,0.0759381677350428,0,0,0,0.0759381677350428,equal,equal,equal,higher,0,96,0,0,96,0,0,8,0,0,8,0,0,480,0
